단지명,회사명,공장대표주소(도로명),전화번호
천안산업기술일반산업단지,주식회사 두코,"충청남도 천안시 서북구 직산읍 직산로 136, 생산관 2105호 (직산읍)",1644-3880
천안마정일반산업단지,(주)케이와이컴퍼니,충청남도 천안시 서북구 직산읍 금곡로 52-20,1599-3176
천안산업기술일반산업단지,주식회사 바이콘,"충청남도 천안시 서북구 직산읍 직산로 136, 생산관 2305호",1566-7185
천안산업기술일반산업단지,(주)인피닉스,"충청남도 천안시 서북구 직산읍 직산로 136, 충남테크노파크 영상관 506호",1688-0201
천안산업기술일반산업단지,(주)에스피에스,"충청남도 천안시 서북구 직산읍 직산로 136, 3102호(충남테크노파크 생산관)",070-8871-5835
천안산업기술일반산업단지,(주)젠스,"충청남도 천안시 서북구 직산읍 직산로 136, 생산관 1303호 (직산읍)",070-8676-8100
천안제3일반산업단지,(주)올맥스,"충청남도 천안시 서북구 백석공단1로 10, 천안미래에이스하이테크시티 A동 506호 (백석동)",070-8656-8968
천안제3일반산업단지,테라원테크,"충청남도 천안시 서북구 백석공단1로 10, 천안미래에이스하이테크시티 B동 901호 (백석동)",070-8637-3958
천안산업기술일반산업단지,(주)토비코,충청남도 천안시서북구 직산읍 삼은리 43-5번지 충남테크노파크 번영관 4101~4호,070-8610-0396
천안제3일반산업단지,단디테크,"충청남도 천안시 서북구 백석공단1로 10, 천안미래에이스하이테크시티 B동 806호 (백석동)",070-8292-1451
천안백석농공단지,(주)티에스식스티즈,충청남도 천안시 서북구 백석공단4길 21 (백석동),070-8282-7461
천안산업기술일반산업단지,(주)데이비드텍,"충청남도 천안시 서북구 직산읍 직산로 136, 208호(충남테크노파크 차세대에너지센터)",070-8265-1434
천안제3일반산업단지,(주)화인메디,"충청남도 천안시 서북구 백석공단1로 10, 천안미래에이스하이테크시티 B동 1011,1012호 (백석동)",070-8185-4502
천안제4일반산업단지,(주)에이치비테크놀러지,충청남도 천안시 동남구 풍세면 풍세산단로 50,070-7933-0686
천안산업기술일반산업단지,썬파워테크,"충청남도 천안시 서북구 직산읍 직산로 136, 충남테크노파크 생산관 1층 (천안밸리)",070-7795-2580
천안제4일반산업단지,디알비파텍(주),충청남도 천안시 서북구 직산읍 4산단3로 70,070-7772-9000
천안산업기술일반산업단지,(주)글로벌토크,"충청남도 천안시 서북구 직산읍 직산로 136, 충남테크노파크 번영관 2106호",070-7728-1001
천안백석농공단지,(주)지이글로벌,충청남도 천안시 서북구 백석공단1로 69 (백석동),070-7607-2671
천안산업기술일반산업단지,에이에스엠케이(주),충청남도 천안시서북구 직산읍 삼은리 514번지 충남테크노파크 천안밸리 성공관 1동,070-7596-7800
천안제2일반산업단지,주식회사 브라이트코리아,충청남도 천안시 서북구 2공단7길 66 (업성동),070-7535-4230
천안산업기술일반산업단지,(주)알티에스에너지,"충청남도 천안시 서북구 직산읍 직산로 136 (재)충남테크노파크천안밸리 정보영상융합센터 107호, 108호",070-7425-8690
천안풍세일반산업단지,모트렉스(주),충청남도 천안시 동남구 풍세면 풍세산단4로 62-7,070-7123-1360
천안제3일반산업단지,동원인터비즈(유),"충청남도 천안시 서북구 백석공단1로 10, 천안미래에이스하이테크시티 A동 813호 (백석동)",070-7122-7501
천안외국인투자지역,하나레이저테크(주),충청남도 천안시 서북구 백석공단7로 72 (백석동),070-7011-1736
천안산업기술일반산업단지,주식회사 유성이앤지,"충청남도 천안시 서북구 직산읍 직산로 136, 정보영상관 317호",070-5165-0505
천안제3일반산업단지,(주)매노팜,"충청남도 천안시 서북구 백석공단1로 10, 천안미래에이스하이테크시티 A동 609호 (백석동)",070-5151-9777
천안제3일반산업단지,(주)매노팜,"충청남도 천안시 서북구 백석공단1로 10, 천안미래에이스하이테크시티 M동 B109호 (백석동)",070-5151-9777
천안제3일반산업단지,사회적협동조합 가온누리 보호작업장,충청남도 천안시 서북구 백석공단1로 10 (백석동) M동 지하1층 B114호 외 1필지,070-5151-8600
천안백석농공단지,주식회사 스페커,충청남도 천안시 서북구 백석공단4길 12 (백석동),070-5089-5124
천안제4일반산업단지,(주)씨지아이,충청남도 천안시 서북구 직산읍 4산단3로 70,070-5066-6274
천안제3일반산업단지,주식회사 티엔에스솔루션,"충청남도 천안시 서북구 백석공단1로 10, B동1008호(백석동, 천안 미래에이스하이테크시티)",070-5022-9144
천안제4일반산업단지,(주)인웍스로봇,"충청남도 천안시 서북구 직산읍 4산단6길 27, 디2동",070-4639-0300
천안제2일반산업단지,주식회사 라파스,충청남도 천안시 서북구 2공단8길 51 (업성동),070-4483-9740
천안산업기술일반산업단지,(주)옵티젠바이오,"충청남도 천안시 서북구 직산읍 직산로 136, 2층 2309호, 2310호(번영관) (천안밸리)",070-4354-1000
천안제5일반산업단지,(주)티아이씨,충청남도 천안시 동남구 성남면 5산단2로 106,070-4341-8512
천안산업기술일반산업단지,(주)도경21,"충청남도 천안시 서북구 직산읍 직산로 136, 생산관 2310호 (직산읍)",070-4334-5097
천안산업기술일반산업단지,(주)아이엔티코리아,"충청남도 천안시 서북구 직산읍 직산로 136, 충남테크노파크 번영관 3202~3203호",070-4324-0880
천안제3일반산업단지,에프디아이,"충청남도 천안시 서북구 백석공단1로 10, 천안미래에이스하이테크시티 A동 607호 (백석동)",070-4294-0914
천안풍세일반산업단지,(주)에코라이프,충청남도 천안시 동남구 풍세면 용정리 1022번지,070-4235-5545
천안제4일반산업단지,(주)제이티,충청남도 천안시 서북구 직산읍 4산단3로 135,070-4172-0100
천안풍세일반산업단지,(주)아이디티코리아,충청남도 천안시 동남구 풍세면 풍세산단3로 20,070-4136-0880
천안산업기술일반산업단지,(주)하이테크미디어,"충청남도 천안시 서북구 직산읍 직산로 136, 충남테크노파크 생산관 3308호",070-4118-0070
천안제5일반산업단지,씨에스앤테크,충청남도 천안시 동남구 성남면 대화리 363번지,070-4117-4432
천안백석농공단지,주식회사 광원,"충청남도 천안시 서북구 백석공단4길 15 (백석동, (주)석천)",070-4055-7702
천안산업기술일반산업단지,나비스퀘어,"충청남도 천안시 서북구, 충남테크노파크 벤처관 1307호 (직산읍)",070-4045-7330
천안제2일반산업단지,주식회사 에스티케이,충청남도 천안시 서북구 2공단3로 59 (업성동),070-4023-1990
천안제3일반산업단지,(주)하이테크오토메이션,"충청남도 천안시 서북구 백석공단1로 10, 천안미래에이스하이테크시티 A동 606호 (백석동)",070-4007-2122
천안제5일반산업단지,(주)에이치피이케이 천안지점,충청남도 천안시 동남구 수신면 5산단5로 15,062-717-2710
천안풍세일반산업단지,일광금속 유한책임회사,충청남도 천안시 동남구 풍세면 보성리 799번지 외 1필지,055-744-2155
천안제3일반산업단지,(주)옥산아이엠티,"충청남도 천안시 서북구 백석공단1로 10, 천안미래에이스하이테크시티 B동 809호 (백석동)",055-580-1500
천안풍세일반산업단지,주식회사 화승티엔드씨,충청남도 천안시 동남구 풍세면 보성리 724번지,055-380-3627
천안제5일반산업단지,제일윈텍(주),충청남도 천안시 동남구 성남면 화성리 477번지,054-587-7024
천안풍세일반산업단지,(주)한주반도체,충청남도 천안시 동남구 풍세면 풍세산단로 199,054-464-2100
천안풍세일반산업단지,씨티에스(주),충청남도 천안시 동남구 풍세면 풍세산단로 226-40,053-593-0777
천안제3일반산업단지,로봇인포(주),"충청남도 천안시 서북구 백석공단1로 10, 천안미래에이스하이테크시티 A동 712, 713호 (백석동)",053-588-3100
천안제5일반산업단지,(주)삼성하우징 천안공장,충청남도 천안시 동남구 성남면 5산단1로 50,052-227-6370
천안제3일반산업단지,주식회사 로보스타비에스디,"충청남도 천안시 서북구 백석공단1로 10, B동808호(백석동, 천안 미래에이스하이테크시티)",051-715-7901
천안풍세일반산업단지,삼현물산,충청남도 천안시 동남구 풍세면 용정리 992번지,044-566-7211
천안제5일반산업단지,(주)레이크머티리얼즈,충청남도 천안시 동남구 성남면 5산단4로 41,044-414-9451
천안풍세일반산업단지,(주)엔켐,충청남도 천안시 동남구 풍세면 용정리 984번지 외 1필지,043-653-0910
천안풍세일반산업단지,(주)케미콘,충청남도 천안시 동남구 풍세면 풍세산단로 161,043-532-6700
천안제4일반산업단지,충청에너지서비스(주),충청남도 천안시 서북구 직산읍 4산단1길 10,043-261-4194
천안백석농공단지,(주)씨엔티드림,충청남도 천안시 서북구 백석공단3길 60 (백석동),043-260-2334
천안제3일반산업단지,(주)아이비젼웍스,"충청남도 천안시 서북구 백석공단1로 10, B동 801호, B동 711호, B동 712호(백석동, 천안 미래에이스하이테크시티)",042-933-2490
천안제5일반산업단지,(주)라컴텍,충청남도 천안시 동남구 수신면 5산단4로 85,042-932-8761
천안제3일반산업단지,(주)인환경디자인연구소,"충청남도 천안시 서북구 백석공단1로 10, 천안미래에이스하이테크시티 A동 501호 (백석동)",042-488-8137
천안백석농공단지,(주)셀아이콘랩,충청남도 천안시 서북구 백석공단1로 58 (백석동),042-335-7942
천안풍세일반산업단지,대창화학공업(주),충청남도 천안시 동남구 풍세면 보성리 0-0번지 풍세일반산업단지 A3-1,042-273-8851
천안마정일반산업단지,(주)비케이솔루텍,충청남도 천안시 서북구 직산읍 금곡로 52-11,041-910-6111
천안제3일반산업단지,주식회사 솔디아,충청남도 천안시 서북구 백석공단1로 10 (백석동) M동 3층 35호,041-909-8661
천안제3일반산업단지,주식회사 에이아이리더,"충청남도 천안시 서북구 백석공단1로 10, 4층 M437호(백석동, 천안 미래에이스하이테크시티)",041-909-7778
천안제3일반산업단지,(주)한울엘리베이터,"충청남도 천안시 서북구 백석공단1로 10, 천안미래에이스하이테크시티 B동 903,904호 (백석동)",041-909-1482
천안제4일반산업단지,(주)한울이앤씨,충청남도 천안시 서북구 직산읍 2공단5로 115 1동 3호,041-909-1482
천안제2일반산업단지,주식회사 선명,충청남도 천안시 서북구 2공단8길 45 (업성동) 3층,041-908-7499
천안제3일반산업단지,주식회사 티씨아이,"충청남도 천안시 서북구 백석공단1로 10, A동 814호(백석동, 천안 미래에이스하이테크시티)",041-906-8667
천안제3일반산업단지,(주)이룸솔루션,"충청남도 천안시 서북구 백석공단1로 10, 천안미래에이스하이테크시티 A동 901호 (백석동)",041-906-5941
천안제3일반산업단지,(주)다올,"충청남도 천안시 서북구 백석공단1로 10, 천안미래에이스하이테크시티 A동 907호 (백석동)",041-906-5919
천안제3일반산업단지,씨엔디자인,"충청남도 천안시 서북구 백석공단1로 10, 천안미래에이스하이테크시티 A동 906호 (백석동)",041-906-5905
천안백석농공단지,(주)케이엔,충청남도 천안시 서북구 백석공단5길 21 (백석동),041-906-5865
천안제3일반산업단지,(주)씨엔에이치프라임,"충청남도 천안시 서북구 백석공단1로 10, 천안미래에이스하이테크시티 A동 801호 (백석동)",041-906-5801
천안제3일반산업단지,삼익에프에이(주),"충청남도 천안시 서북구 백석공단1로 10, 천안미래에이스하이테크시티 B동 701호 (백석동)",041-906-5777
천안제3일반산업단지,쇼와덴키코리아 주식회사,"충청남도 천안시 서북구 백석공단1로 10, 미래에이스하이테크시티 A동 710호 (백석동)",041-906-5710
천안제3일반산업단지,(주)케이엠에스엔지니어링,"충청남도 천안시 서북구 백석공단1로 10, 천안미래에이스하이테크시티 A동 704, 705호 (백석동)",041-906-5704
천안제3일반산업단지,(주)이노본,"충청남도 천안시 서북구 백석공단1로 10, 천안미래에이스하이테크시티 B동 606,608,609,610,611호 (백석동)",041-906-5656
천안제3일반산업단지,코바시스(주),"충청남도 천안시 서북구 백석공단1로 10, 천안미래에이스하이테크시티 B동 612,613호 (백석동)",041-906-5613
천안제3일반산업단지,(주)엘앤피,"충청남도 천안시 서북구 백석공단1로 10, 6층 에이610호(백석동, 천안 미래에이스하이테크시티)",041-906-5588
천안제3일반산업단지,스크린승마(주),"충청남도 천안시 서북구 백석공단1로 10, 천안미래에이스하이테크시티 M동 304호 (백석동)",041-906-5550
천안제3일반산업단지,(주)이노링크,"충청남도 천안시 서북구 백석공단1로 10, B동 507호(백석동, 천안 미래에이스하이테크시티)",041-906-5534
천안제3일반산업단지,주식회사 엘티,"충청남도 천안시 서북구 백석공단1로 10, MB동 122호(백석동, 천안 미래에이스하이테크시티)",041-906-5505
천안제3일반산업단지,(주)시스콘엔지니어링,"충청남도 천안시 서북구 백석공단1로 10, 천안미래에이스하이테크시티 B동 507호 (백석동)",041-906-5490
천안제3일반산업단지,(주)에스아이피,"충청남도 천안시 서북구 백석공단1로 10, 천안미래에이스하이테크시티 A동 1005호 (백석동)",041-906-5431
천안제3일반산업단지,(주)태인테크,"충청남도 천안시 서북구 백석공단1로 10, 천안미래에이스하이테크시티 M동 306호 (백석동)",041-906-5361
천안제3일반산업단지,삼익에프앤티(주),"충청남도 천안시 서북구 백석공단1로 10, 천안미래에이스하이테크시티 M동 305,307호 (백석동)",041-906-5353
천안제3일반산업단지,디토 주식회사,"충청남도 천안시 서북구 백석공단1로 10, A동 609호(백석동, 천안 미래에이스하이테크시티)",041-906-5100
천안제3일반산업단지,주식회사훈랩,충청남도 천안시 서북구 백석공단1로 10 (백석동),041-906-5090
천안제3일반산업단지,주식회사 유씨에스,"충청남도 천안시 서북구 백석공단1로 10, M동 B103호, B104호(백석동, 천안 미래에이스하이테크시티)",041-906-5047
천안제3일반산업단지,재은정밀,"충청남도 천안시 서북구 백석공단1로 10, 천안미래에이스하이테크시티 M동 B120호 (백석동)",041-906-5030
천안제3일반산업단지,이프텍 주식회사,"충청남도 천안시 서북구 백석공단1로 10, M동 338호(백석동, 천안 미래에이스하이테크시티)",041-906-5000
천안산업기술일반산업단지,(주)안마이크론시스템,"충청남도 천안시 서북구 직산읍 직산로 136, 생산관 2202호,2203호 (천안밸리)",041-904-9400
천안풍세일반산업단지,(주)덕산테코피아,충청남도 천안시 동남구 풍세면 풍세산단2로 39,041-903-9700
천안제3일반산업단지,이즈메카유럽세미컨덕터 에스에이,"충청남도 천안시 서북구 백석공단1로 10, 천안미래에이스하이테크시티 A동 511,512호 (백석동)",041-903-6214
천안제3일반산업단지,이즈메카유럽세미컨덕터에스에이,"충청남도 천안시 서북구 백석공단1로 10, 천안미래에이스하이테크시티 B동 510호 (백석동)",041-903-6214
천안제3일반산업단지,(주)프로맥스,"충청남도 천안시 서북구 백석공단1로 10, 천안미래에이스하이테크시티 M동 315호 (백석동)",041-903-1080
천안풍세일반산업단지,아이에스켐,충청남도 천안시 동남구 풍세면 풍세산단로 168,041-902-9500
천안제3일반산업단지,코바테크(주),"충청남도 천안시 서북구 백석공단1로 10, 천안미래에이스하이테크시티 M동 327호 (백석동)",041-902-8636
천안제3일반산업단지,(주)헤이아트,"충청남도 천안시 서북구 백석공단1로 10, 천안미래에이스하이테크시티 M동 320호 (백석동)",041-902-7700
천안제2일반산업단지,주식회사 글루가,충청남도 천안시 서북구 2공단8길 45 (업성동),041-902-5661
천안제3일반산업단지,천안아산아크릴명판,"충청남도 천안시 서북구 백석공단1로 10, M동 B119호(백석동, 천안 미래에이스하이테크시티)",041-902-2132
천안제3일반산업단지,아드반테스트코리아(주),충청남도 천안시 서북구 3공단6로 140 (차암동) 외 1필지,041-901-3900
천안제2일반산업단지,주식회사 휴넷플러스,"충청남도 천안시 서북구 2공단3로 15-1, 성성동 493-4 (성성동)",041-900-7500
천안산업기술일반산업단지,(주)씨케이엘,"충청남도 천안시 서북구 직산읍 직산로 136, 충남테크노파크 번영관 1301호 (직산읍, 천안밸리)",041-900-3015
천안제4일반산업단지,위폼스 주식회사,충청남도 천안시 서북구 직산읍 4산단2길 19,041-900-1101
천안외국인투자지역,(주)히타치에너지코리아,충청남도 천안시 서북구 3공단4로 51 (성성동),041-900-0424
천안풍세일반산업단지,피앤씨텍(주),충청남도 천안시 동남구 풍세면 풍세산단로 161,041-858-1160
천안직산농공단지,(주)건영 비앤에프,충청남도 천안시 서북구 직산읍 부송1길 62,041-635-0561
천안제2일반산업단지,주식회사 신세계푸드 천안공장,충청남도 천안시 서북구 2공단3로 101 (업성동),041-629-9150
천안외국인투자지역,에어프로덕츠코리아(주),충청남도 천안시서북구 차암동 406번지,041-629-8414
천안외국인투자지역,스테코(주) 2공장,충청남도 천안시 서북구 3공단2로 13 (백석동),041-629-7020
천안외국인투자지역,스테코(주),충청남도 천안시서북구 백석동 741번지,041-629-7007
천안제3일반산업단지,동아제약(주) 천안공장,충청남도 천안시 서북구 백석공단1로 200-23 (차암동),041-629-6513
천안백석농공단지,(주)디바이스이엔지,충청남도 천안시서북구 백석동 555-37번지 백석농공단지,041-629-5209
천안직산농공단지,(주)유광,충청남도 천안시 서북구 직산읍 부송1길 39,041-629-2800
천안제2일반산업단지,상영,충청남도 천안시 서북구 2공단6길 26 (차암동),041-622-9979
천안제3일반산업단지,(주)신성엔비리서치,"충청남도 천안시 서북구 백석공단1로 10, 천안미래에이스하이테크시티 M동 328,329,330호 (백석동)",041-622-9937
천안천흥일반산업단지,세코툴스코리아(주),충청남도 천안시서북구 성거읍 천흥리 341-3번지,041-622-9785
천안5산단외국인투자지역,(주)엠에스씨테크,충청남도 천안시 동남구 수신면 5산단4로 110,041-622-9679
천안백석농공단지,비케이이엔티(주),충청남도 천안시 서북구 백석공단7로 16 (백석동),041-622-9612
천안백석농공단지,에이원테크놀로지(주),충청남도 천안시 서북구 백석공단2길 53 (백석동),041-622-8600
천안제3일반산업단지,주식회사 블루마마,"충청남도 천안시 서북구 백석공단1로 10, 엠동 428,429,430,431호(백석동, 천안 미래에이스하이테크시티)",041-622-8560
천안천흥일반산업단지,태성에컴스(주)천흥공장,충청남도 천안시 서북구 성거읍 천흥8길 67-11 외 3필지,041-622-8389
천안풍세일반산업단지,(주)메티스,충청남도 천안시 동남구 풍세면 용정리 990번지,041-622-8081
천안산업기술일반산업단지,(주)케이에스비동서,"충청남도 천안시 서북구 직산읍 직산로 136, 205호(충남테크노파크 이차전지기술센터)",041-622-7100
천안외국인투자지역,에드워드코리아(주),"충청남도 천안시 서북구 3공단1로 96 (차암동, 성원에드워드(주))",041-622-7070
천안제3일반산업단지,에드워드 코리아(주),충청남도 천안시 서북구 3공단6로 80 (차암동),041-622-7070
천안천흥일반산업단지,창광실업(주),충청남도 천안시 서북구 성거읍 천흥8길 19 (창광실업(주)),041-622-7050
천안천흥일반산업단지,(주)유엔아이,충청남도 천안시서북구 성거읍 천흥리 316-8번지,041-622-6677
천안풍세일반산업단지,웰메이트(주),충청남도 천안시 동남구 풍세면 풍세산단로 215,041-622-6640
천안제3일반산업단지,(주)구비테크,"충청남도 천안시 서북구 백석공단1로 10, 천안미래에이스하이테크시티 B동 912,913호 (백석동)",041-622-6602
천안백석농공단지,주식회사 디케이엘엔에이치,"충청남도 천안시 서북구 백석공단4길 15, 1동 2층 (백석동)",041-622-6023
천안천흥일반산업단지,해태제과식품(주),충청남도 천안시 서북구 성거읍 천흥8길 67-26,041-622-5805
천안백석농공단지,미래메디엔텍(주),충청남도 천안시 서북구 백석공단5길 22 (백석동),041-622-5720
천안제3일반산업단지,케이블코리아(주),"충청남도 천안시 서북구 백석공단1로 10, 천안미래에이스하이테크시티 A동 602호 (백석동)",041-622-5100
천안천흥일반산업단지,대원케미칼(주),충청남도 천안시 서북구 성거읍 천흥8길 67-34,041-622-3765
천안천흥일반산업단지,(주)삼보제이케이,충청남도 천안시서북구 성거읍 천흥리 316-9번지,041-622-3706
천안천흥일반산업단지,(주)유진에스테크,충청남도 천안시서북구 성거읍 천흥리 321-3번지,041-622-3356
천안제3일반산업단지,메카베이스,"충청남도 천안시 서북구 백석공단1로 10, 천안미래에이스하이테크시티 A동 513,606호 (백석동)",041-622-2188
천안산업기술일반산업단지,(주)마이크로티에스,충청남도 천안시서북구 직산읍 삼은리 43-5번지 충남테크노파크 생산관 1201호,041-622-2010
천안5산단외국인투자지역,아마쎌코리아(유),충청남도 천안시 동남구 성남면 5산단1로 112 외 1필지,041-622-1813
천안동면농공단지,(주)포나후렉스,"충청남도 천안시 동남구 동면 충절로 2294-56, 동면농공단지",041-622-1201
천안제2일반산업단지,주식회사 글로벌소재,"충청남도 천안시 서북구 2공단3로 15-1, (성성동493-4)에이동 201호 (성성동)",041-622-1136
천안백석농공단지,(주)하이라인,충청남도 천안시서북구 백석동 555-31번지,041-622-0878
천안제5일반산업단지,(주)아인스,충청남도 천안시 동남구 성남면 대화리 353번지,041-622-0868
천안제2일반산업단지,주식회사 바이오360,"충청남도 천안시 서북구 2공단2로 102, 1동 지하1층(차암동, (주)피토)",041-622-0360
천안제2일반산업단지,주식회사 바이오360 ,"충청남도 천안시 서북구 2공단8길 45, 업성동623-4 (업성동)",041-622-0360
천안산업기술일반산업단지,아오아비,"충청남도 천안시 서북구 직산읍 직산로 136, 3403호(충남테크노파크 천안밸리 번영관)",041-622-0277
천안제2일반산업단지,E.T.S,"충청남도 천안시 서북구 2공단2로 95, 아파트형공장 507호 (차암동, 천안테크노타운)",041-621-9389
천안백석농공단지,주식회사 우성전기,충청남도 천안시 서북구 백석공단3길 42 (백석동),041-621-9298
천안풍세일반산업단지,(주)메가센,충청남도 천안시 동남구 풍세면 보성리 706번지,041-621-9030
천안제3일반산업단지,(재)가경고고학연구소,"충청남도 천안시 서북구 백석공단1로 10, 천안미래에이스하이테크시티 A동 909,910,911,912,913,914호 (백석동)",041-621-8772
천안백석농공단지,태현테크놀로지,"충청남도 천안시 서북구 백석공단6길 7 (백석동, (주)태현테크놀로지)",041-621-8212
천안제2일반산업단지,(주)디와이엠솔루션,충청남도 천안시 서북구 2공단8길 50 (업성동),041-621-6250
천안제2일반산업단지,주식회사 디와이엠 솔루션(2),충청남도 천안시 서북구 2공단7길 33 (차암동),041-621-6250
천안제2일반산업단지,주식회사 인팩,"충청남도 천안시 서북구 2공단6길 47 (업성동, (주)인팩)",041-621-6191
천안제2일반산업단지,캠코아(주)천안지점,"충청남도 천안시 서북구 2공단1로 147(차암동, 한양소재(주))",041-621-5731
천안제2일반산업단지,한양소재 주식회사 ,"충청남도 천안시 서북구 2공단1로 147 (차암동, 한양소재(주))",041-621-5731
천안제4일반산업단지,시스테크(주),충청남도 천안시서북구 직산읍 모시리 303번지,041-621-5643
천안제2일반산업단지,주식회사 대한,"충청남도 천안시 서북구 2공단5로 8 (업성동, (주)대한)",041-621-5311
천안제2일반산업단지,디아이텍 주식회사,충청남도 천안시 서북구 2공단3로 93 (업성동),041-621-5112
천안제4일반산업단지,(주)로스윈,충청남도 천안시서북구 직산읍 모시리 280번지,041-621-4450
천안제2일반산업단지,주식회사 크라운,"충청남도 천안시 서북구 2공단2로 69 (차암동, (주)크라운)",041-621-4422
천안제2일반산업단지,롯데푸드 주식회사,충청남도 천안시 서북구 2공단4로 19 (성성동),041-621-4161
천안제4일반산업단지,(주)포인트택,충청남도 천안시 서북구 직산읍 4산단3로 113,041-621-3640
천안백석농공단지,상상기술(주),"충청남도 천안시 서북구 백석공단4길 12, 1동2층 (백석동)",041-621-3587
천안풍세일반산업단지,호산스틸(주),충청남도 천안시 동남구 풍세면 보성리 717번지 (풍세일반산업단지 A16-4),041-621-3393
천안제2일반산업단지,(주)유진정공,충청남도 천안시 서북구 2공단1로 131 (차암동),041-621-3355
천안제2일반산업단지,(주)MS가스,"충청남도 천안시 서북구 2공단7길 61 (업성동, (주)MS가스)",041-621-3322
천안제2일반산업단지,(주)혜인,"충청남도 천안시 서북구 2공단5로 23 (차암동, (주)혜인)",041-621-3185
천안백석농공단지,(주)정광,충청남도 천안시 서북구 백석공단1로 69 (백석동),041-621-2886
천안제2일반산업단지,일진산업 주식회사,"충청남도 천안시 서북구 2공단6길 7 (차암동, 일진산업(주))",041-621-2462
천안제2일반산업단지,일진산업 주식회사,충청남도 천안시 서북구 2공단7길 15 (차암동),041-621-2462
천안제2일반산업단지,일진산업 주식회사  ,충청남도 천안시 서북구 2공단1로 148 (차암동),041-621-2462
천안제2일반산업단지,주식회사 성원엔지니어링,충청남도 천안시 서북구 2공단7길 50 (차암동),041-621-2400
천안풍세일반산업단지,하이테크필라(주),충청남도 천안시 동남구 풍세면 용정리 1026번지 외 1필지,041-621-2248
천안산업기술일반산업단지,(주)포톤,"충청남도 천안시 서북구 직산읍 직산로 136, 충남테크노파크 생산관 1305,1306",041-621-2221
천안산업기술일반산업단지,주식회사 포톤,"충청남도 천안시 서북구 직산읍 직산로 136, 충남테크노파크 번영관 3201호",041-621-2221
천안제4일반산업단지,(주)서광전자,충청남도 천안시서북구 직산읍 모시리 269번지,041-621-2100
천안백석농공단지,아시아테크,충청남도 천안시서북구 백석동 555-31번지,041-621-1938
천안제2일반산업단지,동양방식 주식회사,"충청남도 천안시 서북구 2공단5로 64 (차암동, 동양방식(주))",041-621-1761
천안제3일반산업단지,주식회사 트루텍,충청남도 천안시 서북구 3공단6로 86-25 (차암동),041-621-1741
천안제3일반산업단지,동아에스티(주),충청남도 천안시 서북구 백석공단1로 200-23 (차암동),041-621-1500
천안직산농공단지,(주)워텍,충청남도 천안시서북구 직산읍 부송리 72-14 번지 1동 2호,041-621-0801
천안외국인투자지역,한부엔지니어링(주),충청남도 천안시서북구 백석동 734번지,041-621-0543
천안풍세일반산업단지,(주)켐코정밀,충청남도 천안시 동남구 풍세면 풍세산단로 118,041-621-0388
천안풍세일반산업단지,(주)켐코정밀,충청남도 천안시 동남구 풍세면 용정리 1013번지,041-621-0388
천안외국인투자지역,에어리퀴드코리아(주),충청남도 천안시 서북구 3공단1로 88 (차암동) 에어리퀴드코리아(주),041-621-0102
천안외국인투자지역,한국첼리(주),충청남도 천안시서북구 백석동 713번지,041-621-0052
천안제2일반산업단지,주식회사 에치와이,"충청남도 천안시 서북구 2공단5로 35 (차암동, (주)한국야쿠르트)",041-621-0050
천안외국인투자지역,(주)코디엠,"충청남도 천안시 서북구 백석공단2길 62 (백석동, 오에프티(주)천안공장)",041-620-9011
천안5산단외국인투자지역,한국씨씨엘레이블(주),충청남도 천안시 동남구 성남면 5산단1로 150,041-620-8800
천안제4일반산업단지,세메스(주),충청남도 천안시 서북구 직산읍 4산단5길 77 외 1필지,041-620-8000
천안목천농공단지,연합정밀(주),"충청남도 천안시 동남구 목천읍 학수소사길 219-27, 외 16필지",041-620-3202
천안제4일반산업단지,주식회사 연이비앤티,충청남도 천안시 서북구 직산읍 4산단6길 77,041-620-1500
천안외국인투자지역,한국유미코아 유한책임회사 제3공장,충청남도 천안시 서북구 3공단2로 27(백석동) 외 2필지,041-620-0246
천안외국인투자지역,한국유미코아유한책임회사,"충청남도 천안시 서북구 3공단2로 71 (차암동, 한국유미코아(유))",041-620-0246
천안외국인투자지역,한국유미코아유한책임회사,"충청남도 천안시 서북구 3공단2로 83 (차암동, (주)드림스틸공장)",041-620-0246
천안제3일반산업단지,한국유미코아유한책임회사,충청남도 천안시 서북구 3공단6로 58-9 (차암동),041-620-0200
천안제3일반산업단지,한국유미코아유한책임회사,충청남도 천안시 서북구 백석공단1로 199 (차암동),041-620-0200
천안제2일반산업단지,현대모비스㈜ ABS천안공장,"충청남도 천안시 서북구 2공단1로 168 (차암동, 현대모비스ABS/Airbag공장)",041-599-9927
천안제2일반산업단지,현대모비스㈜ IP천안공장,"충청남도 천안시 서북구 2공단2로 105 (차암동, 현대모비스(주))",041-599-9812
천안5산단외국인투자지역,에어리퀴드솔루션즈코리아(유) 제2공장,충청남도 천안시 동남구 성남면 대화리 328번지,041-599-9000
천안백석농공단지,(주)대광월드,충청남도 천안시 서북구 백석공단5길 25 (백석동),041-592-5885
천안풍세일반산업단지,케이피엑스케미칼(주),충청남도 천안시 동남구 풍세면 풍세산단3로 70,041-590-5841
천안제4일반산업단지,(주)아모에코시스템즈,충청남도 천안시 서북구 직산읍 4산단7로 17-8,041-590-5714
천안제4일반산업단지,(주)아모센스,충청남도 천안시 서북구 직산읍 4산단5길 90,041-590-5710
천안제4일반산업단지,휴림로봇(주),충청남도 천안시 서북구 직산읍 4산단6길 27,041-590-1737
천안제4일반산업단지,한국컴퓨터(주),충청남도 천안시 서북구 직산읍 4산단3로 88,041-589-3310
천안제4일반산업단지,한국화낙(주),충청남도 천안시 서북구 직산읍 4산단5길 33,041-589-1940
천안마정일반산업단지,(주)태성기연,충청남도 천안시서북구 직산읍 마정리 510번지 마정지방산업단지,041-589-1000
천안산업기술일반산업단지,(주)엔씨티,"충청남도 천안시 서북구 직산읍 직산로 136, 번영관 3101, 3102호 (직산읍)",041-589-0814
천안산업기술일반산업단지,(주)에이앤디시스템,"충청남도 천안시 서북구 직산읍 직산로 136, 205호,206호,207호",041-589-0790
천안산업기술일반산업단지,씨케텍(주),충청남도 천안시서북구 직산읍 삼은리 511번지 영상미디어센터 112호,041-589-0770
천안산업기술일반산업단지,(주)네콘,"충청남도 천안시 서북구 직산읍 직산로 136, 영상미디어센터 연구동 110호",041-589-0766
천안산업기술일반산업단지,써밋디자인(주),충청남도 천안시서북구 직산읍 삼은리 43-5번지 천안밸리영상미디어센터 405호~406호,041-589-0755
천안산업기술일반산업단지,쓰리디텍,"충청남도 천안시 서북구 직산읍 직산로 136, 정보영상융합센터 513,514호 (천안밸리)",041-589-0580
천안제4일반산업단지,(주)엔스퀘어,충청남도 천안시 서북구 직산읍 4산단5길 11-3,041-589-0521
천안산업기술일반산업단지,우리생명과학(주),충청남도 천안시서북구 직산읍 삼은리 506 번지 충남테크노파크 번영관 3105호,041-589-0390
천안산업기술일반산업단지,디즈메카,충청남도 천안시서북구 직산읍 삼은리 43-5번지 충남테크노파크천안밸리 생산관,041-589-0333
천안산업기술일반산업단지,주식회사 티알에이디,"충청남도 천안시 서북구 직산읍 직산로 136, 생산관 2312호 (직산읍)",041-589-0333
천안산업기술일반산업단지,(주)비엔씨넷,"충청남도 천안시 서북구 직산읍 직산로 136, 충남테크노파크 번영관 3401호",041-589-0330
천안제3일반산업단지,(주)제일인더스트리,"충청남도 천안시 서북구 백석공단1로 10, 천안미래에이스하이테크시티 M동 427호 (백석동)",041-589-0320
천안산업기술일반산업단지,(주)데카시스템,"충청남도 천안시 서북구 직산읍 직산로 136, 충남테크노파크 벤처관 3205호",041-589-0310
천안산업기술일반산업단지,에코바스,"충청남도 천안시 서북구 직산읍 직산로 136, 충남테크노파크 벤처관 1305, 1306, 1307",041-589-0306
천안산업기술일반산업단지,(주)하이메디코스,"충청남도 천안시 서북구 직산읍 직산로 136, 충남 테크노파크 성공관 202호",041-589-0300
천안산업기술일반산업단지,에이에스피반도체(주),"충청남도 천안시서북구 직산읍 삼은리 514번지 충남테크노파크 천안밸리 성공관 102호,202호",041-589-0271
천안산업기술일반산업단지,(주)콘체르토,"충청남도 천안시 서북구 직산읍 직산로 136, 충남테크노파크 생산관 2307~2310호",041-589-0250
천안산업기술일반산업단지,마이크로테크,충청남도 천안시서북구 직산읍 삼은리 43-5번지 충남테크노파크 생산관 1202호,041-589-0202
천안제4일반산업단지,보성티피엠(주),"충청남도 천안시 서북구 직산읍 2공단5로 115, 3동 3호",041-588-9986
천안산업기술일반산업단지,주식회사 에스티엘,"충청남도 천안시 서북구 직산읍 직산로 136, 충남테크노파크 정보영상융합센터 509호,510호",041-588-9815
천안산업기술일반산업단지,(주)에이엘티,충청남도 천안시서북구 직산읍 삼은리 43-22번지 벤처관 3307호,041-588-9340
천안마정일반산업단지,(주)현텍,충청남도 천안시 서북구 직산읍 마정1길 46,041-588-9230
천안제4일반산업단지,정진,"충청남도 천안시 서북구 직산읍 4산단5길 25-1, C동 101호 외 1",041-588-9201
천안산업기술일반산업단지,(주)정형테크,"충청남도 천안시 서북구 직산읍 직산로 136, 충남테크노파크 생산관 2202,2203",041-588-9191
천안제4일반산업단지,동호산업,충청남도 천안시 서북구 직산읍 4산단4로 60 B동3층,041-588-8326
천안산업기술일반산업단지,(주)머신앤비전,"충청남도 천안시 서북구 직산읍 직산로 136, 충남테크노파크 벤처관 2302호, 2303호, 2304호",041-588-8006
천안제4일반산업단지,서원 ,충청남도 천안시 서북구 직산읍 4산단3로 113 A동,041-588-7978
천안직산농공단지,(주)서우기술,충청남도 천안시 서북구 직산읍 금곡로 52-11 (주)신화정밀,041-588-7799
천안제3일반산업단지,(주)엠피씨,"충청남도 천안시 서북구 백석공단1로 10, 천안미래에이스하이테크시티 B동 705, 706호 (백석동)",041-588-7100
천안직산농공단지,(주)에땅 직산공장,충청남도 천안시서북구 직산읍 부송리 72-18번지 외 1필지 외 1필지,041-588-4881
천안직산농공단지,(주)빛과사랑,충청남도 천안시서북구 직산읍 부송리 72-14번지,041-588-2700
천안산업기술일반산업단지,바이오 컨시(Bio-Quency),"충청남도 천안시 서북구 직산읍 직산로 136, 번영관 3306호",041-588-1222
천안제4일반산업단지,제이씨에프,충청남도 천안시 서북구 직산읍 2공단5로 117-4,041-588-1174
천안산업기술일반산업단지,(주)엠디알,"충청남도 천안시 서북구 직산읍 직산로 136, 번영관 2106호 (천안밸리)",041-588-0903
천안산업기술일반산업단지,트윈,"충청남도 천안시 서북구 직산읍 직산로 136, 정보영상융합센터 연구동 201호 (천안밸리)",041-588-0500
천안제4일반산업단지,한일전원공업(주),충청남도 천안시 서북구 직산읍 4산단4로 16 (본동),041-588-0027
천안산업기술일반산업단지,(주)화이버옵틱코리아,충청남도 천안시서북구 직산읍 삼은리 43-5번지 충남테크노파크천안밸리 생산관2109호,041-587-9911
천안산업기술일반산업단지,(주)센추리산업,"충청남도 천안시 서북구 직산읍 직산로 136 (재)충남테크노파크천안밸리 번영관 1303, 1308, 3306호, 정보영상관 413호",041-587-9809
천안제4일반산업단지,(주)원방테크,충청남도 천안시 서북구 직산읍 4산단6길 32 ((주)원방테크공장),041-587-9031
천안산업기술일반산업단지,디에스인스트루먼트,"충청남도 천안시 서북구 직산읍 직산로 136, 충남테크노파크 성공관 103,203",041-587-8870
천안산업기술일반산업단지,(주)삼정테크노,"충청남도 천안시 서북구 직산읍 직산로 136, 1301호,1302호,1303호,1304호(충남테크노파크천안밸리창업보육센터벤처관)",041-587-8858
천안산업기술일반산업단지,(주)하비코,"충청남도 천안시 서북구 직산읍 직산로 136, 2309호(충남테크노파크 번영관)",041-587-8377
천안마정일반산업단지,(주)동일테크롤,충청남도 천안시 서북구 직산읍 마정1길 14,041-587-8181
천안백석농공단지,(주)이지테크,"충청남도 천안시 서북구 백석공단3길 12, 1동 2층 (백석동)",041-587-8161
천안천흥일반산업단지,대진유니텍,충청남도 천안시서북구 성거읍 천흥리 316-6번지,041-587-8001
천안제4일반산업단지,제일윈텍(주) 제1공장,충청남도 천안시서북구 직산읍 신갈리 268번지,041-587-7024
천안제4일반산업단지,(주)씨케이도어,충청남도 천안시 서북구 직산읍 4산단4로 20,041-587-6760
천안산업기술일반산업단지,(주)구성엠에스,충청남도 천안시서북구 직산읍 삼은리 43번지 충남테크노파크 생산관 2201호,041-587-6350
천안제3일반산업단지,(주)제이케이코어,"충청남도 천안시 서북구 백석공단1로 10, 천안미래에이스하이테크시티 A동 1011호 (백석동)",041-587-5890
천안백석농공단지,주식회사 이지테크,충청남도 천안시 서북구 백석공단3길 36 (백석동),041-587-5161
천안산업기술일반산업단지,(주)에드마임,"충청남도 천안시 서북구 직산읍 직산로 136, ,2402호(충남테크노파크 번영관)",041-587-5151
천안제4일반산업단지,(주)미래코리아,충청남도 천안시 서북구 직산읍 4산단5길 68,041-587-4100
천안제4일반산업단지,주식회사 미래코리아,충청남도 천안시 서북구 직산읍 4산단4로 27,041-587-4100
천안제4일반산업단지,나노씨엠에스(주),충청남도 천안시 서북구 직산읍 4산단4로 48,041-587-3901
천안제5일반산업단지,(주)콧데,충청남도 천안시 동남구 성남면 5산단2로 8,041-587-1375
천안제4일반산업단지,제이더블유하이텍,"충청남도 천안시 서북구 직산읍 4산단5길 25-14, C동 107호",041-587-1071
천안제4일반산업단지,(주)쎄닉,충청남도 천안시 서북구 직산읍 4산단7로 17-15,041-587-0801
천안제4일반산업단지,(주)오에치케이,충청남도 천안시 서북구 직산읍 4산단4로 11,041-587-0111
천안직산농공단지,(주)오에치케이,충청남도 천안시 서북구 직산읍 부송1길 55-14,041-587-0111
천안풍세일반산업단지,(주)알엠에스기산,충청남도 천안시 동남구 풍세면 풍세산단1로 55,041-585-9912
천안제4일반산업단지,주식회사 제일,충청남도 천안시 서북구 직산읍 4산단3로 36-12,041-585-9898
천안산업기술일반산업단지,(주)케이에스시스템,충청남도 천안시서북구 직산읍 삼은리 43-26번지 정밀가공지원센터,041-585-9311
천안제4일반산업단지,(주)세스,충청남도 천안시 서북구 직산읍 4산단4로 32,041-585-8501
천안마정일반산업단지,(주)부흥기업,충청남도 천안시서북구 직산읍 마정리 517번지,041-585-8241
천안제4일반산업단지,주식회사 오엔,충청남도 천안시 서북구 직산읍 4산단4로 52,041-585-6763
천안마정일반산업단지,나래엔지니어링 주식회사,충청남도 천안시 서북구 직산읍 마정1길 27,041-585-6700
천안마정일반산업단지,나래엔지니어링(주),충청남도 천안시서북구 직산읍 마정리 529번지,041-585-6700
천안마정일반산업단지,나래엔지니어링(주),충청남도 천안시서북구 직산읍 마정리-529번지,041-585-6700
천안산업기술일반산업단지,주식회사 토드,"충청남도 천안시 서북구 직산읍 직산로 136, 205호",041-585-6484
천안제4일반산업단지,(주)오피에스테크,"충청남도 천안시 서북구 직산읍 4산단5길 25-11, C동 106호",041-585-5732
천안산업기술일반산업단지,그린존에이피(주),충청남도 천안시서북구 직산읍 삼은리 43-5번지 충남테크로파크 번영관 2402호,041-585-5271
천안직산농공단지,미래카본 주식회사,충청남도 천안시 서북구 직산읍 부송1길 48,041-585-5234
천안산업기술일반산업단지,(주)에스피씨머트리얼즈그룹,충청남도 천안시 서북구 직산읍 직산로 136 (재)충남테크노파크천안밸리 번영관 3103호,041-585-5025
천안제2일반산업단지,우영산업(주),충청남도 천안시 서북구 2공단8길 1 (차암동),041-585-4488
천안직산농공단지,디에치이앤이(주),충청남도 천안시 서북구 직산읍 부송1길 42,041-585-4344
천안제4일반산업단지,하베코리아(주),충청남도 천안시 서북구 직산읍 4산단1길 27 (하베코리아(주)),041-585-3800
천안산업기술일반산업단지,티티엠(주),충청남도 천안시서북구 직산읍 삼은리 43-5번지 천안밸리 벤처관 1301호,041-585-3755
천안마정일반산업단지,세림제지(주),충청남도 천안시서북구 직산읍 남산리 486번지 송파빌딩 4층,041-585-3590
천안제4일반산업단지,대륙ENG,충청남도 천안시 서북구 직산읍 4산단7로 17-11 (대륙ENG),041-585-3397
천안마정일반산업단지,금오ADS(주),충청남도 천안시 서북구 직산읍 마정1길 27 (금오ADS(주)),041-585-2870
천안마정일반산업단지,금오에이디에스(주),충청남도 천안시 서북구 직산읍 마정1길 57,041-585-2870
천안제4일반산업단지,HIM,충청남도 천안시 서북구 직산읍 신갈리 243-1번지,041-585-2627
천안제4일반산업단지,HIM,"충청남도 천안시 서북구 직산읍 2공단5로 115, (2동)",041-585-2627
천안산업기술일반산업단지,(주)세스텍,충청남도 천안시서북구 직산읍 삼은리 43-1번지 충남테크노파크번영관 1101호,041-585-2030
천안산업기술일반산업단지,(주)유진텍이십일,충청남도 천안시서북구 직산읍 삼은리 43-22번지 천안밸리 벤처관 2204호,041-585-1595
천안제4일반산업단지,케이엔아이,충청남도 천안시 서북구 직산읍 4산단3로 36-18,041-585-1369
천안제3일반산업단지,(주)메리트,"충청남도 천안시 서북구 백석공단1로 10, 천안미래에이스하이테크시티 B동 813호 (백석동)",041-585-1300
천안직산농공단지,영상테크,충청남도 천안시서북구 직산읍 부송리 72-10번지 직산부송농공단지내,041-585-0765
천안직산농공단지,(주)엘에스엘피,충청남도 천안시서북구 직산읍 부송리 72-2번지,041-585-0606
천안제4일반산업단지,(주)옵티레이,충청남도 천안시서북구 직산읍 모시리 269 번지,041-585-0266
천안제4일반산업단지,(주)옵티레이,충청남도 천안시 서북구 직산읍 4산단3로 133,041-585-0266
천안제4일반산업단지,(주)옵티레이,충청남도 천안시 서북구 직산읍 4산단5길 17,041-585-0266
천안풍세일반산업단지,(주)에이치케이티,충청남도 천안시 동남구 풍세면 풍세산단로 133,041-585-0125
천안직산농공단지,형제산업,충청남도 천안시서북구 직산읍 부송리 72-10번지 직산부송농공단지내,041-584-9528
천안제4일반산업단지,주식회사 한국이엔이,충청남도 천안시 서북구 직산읍 4산단4로 59,041-584-9500
천안제4일반산업단지,(주)네오테크,충청남도 천안시 서북구 직산읍 4산단4로 27,041-584-9261
천안마정일반산업단지,히트텍(주),충청남도 천안시서북구 직산읍 마정리 522번지,041-584-8881
천안제3일반산업단지,웨스글로벌(주),"충청남도 천안시 서북구 백석공단1로 10, B동 809, 810, 811, 812호(백석동, 천안 미래에이스하이테크시티)",041-584-8820
천안마정일반산업단지,(주)삼천리카보텍,충청남도 천안시서북구 직산읍 마정리 515번지,041-584-7774
천안마정일반산업단지,디에이치코리아(주)천안공장,충청남도 천안시서북구 직산읍 마정리 500번지,041-584-7531
천안직산농공단지,(주)삼진코리아,충청남도 천안시 서북구 직산읍 부송1길 48 (삼진코리아),041-584-7259
천안마정일반산업단지,(주)웅비기계,충청남도 천안시서북구 직산읍 마정리 499번지,041-584-6900
천안마정일반산업단지,다다정밀,충청남도 천안시서북구 직산읍 마정리 513번지 외 1필지,041-584-6783
천안제4일반산업단지,와이엠씨(주),충청남도 천안시서북구 직산읍 신갈리 258번지 천안제4지방산업단지 10-2블럭,041-584-6704
천안제4일반산업단지,(주)미래이피,충청남도 천안시서북구 직산읍 모시리 285번지,041-584-6611
천안직산농공단지,드림에너지(주),충청남도 천안시서북구 직산읍 부송리 72-14번지,041-584-6600
천안제4일반산업단지,케인지스,"충청남도 천안시 서북구 직산읍 2공단5로 115, 2동",041-584-6573
천안직산농공단지,칠성섬유(주),충청남도 천안시 서북구 직산읍 부송1길 80,041-584-6233
천안풍세일반산업단지,(주)아름테크놀러지,충청남도 천안시 동남구 풍세면 풍세산단로 226-6,041-584-6087
천안산업기술일반산업단지,주식회사 트임,"충청남도 천안시 서북구 직산읍 직산로 136, 충남테크노파크 생산관 3101호,번영관 1101호",041-584-5874
천안마정일반산업단지,(주)쿡메이트,"충청남도 천안시 서북구 직산읍 마정1길 38, 나동 지하1층 (태정금속)",041-584-5554
천안산업기술일반산업단지,(주)하나,충청남도 천안시서북구 직산읍 삼은리 43-22번지 충남테크노파크 천안밸리 벤처관2102호,041-584-5365
천안마정일반산업단지,우진엔지니어링,충청남도 천안시서북구 직산읍 마정리 522번지,041-584-5235
천안산업기술일반산업단지,(주)아이엔에스,충청남도 천안시서북구 직산읍 삼은리 43-22번지 충남테크노파크 생산관 1306호,041-584-5030
천안직산농공단지,(주)견지포장,충청남도 천안시 서북구 직산읍 부송1길 49 ((주)삼즈쎌텍),041-584-5001
천안직산농공단지,(주)헤스텍,충청남도 천안시서북구 직산읍 부송리 72-18 번지,041-584-5001
천안산업기술일반산업단지,에프엔에스테크(주),충청남도 천안시서북구 직산읍 삼은리 43-1번지 천안밸리번영관2302호,041-584-4460
천안제4일반산업단지,에프엔에스테크(주),충청남도 천안시서북구 직산읍 신갈리 245번지,041-584-4460
천안제4일반산업단지,에프엔에스테크(주),충청남도 천안시 서북구 직산읍 4산단2길 19,041-584-4460
천안산업기술일반산업단지,(주)루미에르,"충청남도 천안시 서북구 직산읍 직산로 136, 충남테크노파크 정보영상융합센터 214호",041-584-4243
천안백석농공단지,주식회사 고산테크,충청남도 천안시 서북구 백석공단5길 15 (백석동),041-584-4096
천안산업기술일반산업단지,세광테크놀러지(주),충청남도 천안시서북구 직산읍 삼은리 43-5번지 충남테크노파크번영관 4203호,041-584-3936
천안마정일반산업단지,(주)예담산업,충청남도 천안시서북구 직산읍 마정리 506번지,041-584-3381
천안산업기술일반산업단지,(주)세화전자,충청남도 천안시서북구 직산읍 삼은리 43-5번지 충남테크노파크 천안밸리 번영관 2101호,041-584-3323
천안제4일반산업단지,TC테크,충청남도 천안시 서북구 직산읍 2공단5로 115,041-584-3144
천안산업기술일반산업단지,(주)코닉스,"충청남도 천안시 서북구 직산읍 직산로 136, 충남테크노파크 벤처관 1201~1205호",041-584-2800
천안제4일반산업단지,두산엠티솔루션,충청남도 천안시서북구 직산읍 신갈리 280번지,041-584-2477
천안산업기술일반산업단지,(주)지일테크,충청남도 천안시서북구 직산읍 삼은리 43-5번지 천안밸리 번영관 1301호,041-584-2171
천안산업기술일반산업단지,(주)코드바이오,충청남도 천안시서북구 직산읍 삼은리 43-12번지 천안밸리 구관6동,041-584-1606
천안직산농공단지,(주)코드바이오,충청남도 천안시 서북구 직산읍 부송1길 62,041-584-1606
천안산업기술일반산업단지,(주)맥스파인,"충청남도 천안시서북구 직산읍 삼은리 514번지 충남테크노파크 성공관 104, 204호",041-584-1560
천안마정일반산업단지,(주)성우조명,충청남도 천안시서북구 직산읍 마정리 494번지,041-584-1460
천안산업기술일반산업단지,(주)케이에스비,"충청남도 천안시 서북구 직산읍 직산로 136, 구관 2동",041-584-1199
천안산업기술일반산업단지,(주)에이디엠,충청남도 천안시서북구 직산읍 삼은리 43-5번지 충남테크노파크천안밸리 생산관,041-584-1145
천안제4일반산업단지,(주)유앤에스에너지,"충청남도 천안시 서북구 직산읍 4산단3로 52, D동",041-584-0911
천안마정일반산업단지,(주)보나테크,충청남도 천안시 서북구 직산읍 마정1길 20 (영창산업),041-584-0524
천안마정일반산업단지,금환목형,충청남도 천안시서북구 직산읍 마정리 501번지,041-584-0425
천안직산농공단지,(주)오투바이오,"충청남도 천안시 서북구 직산읍 부송1길 62, 2동",041-584-0203
천안직산농공단지,(주)케이엠에프,충청남도 천안시 서북구 직산읍 부송1길 39,041-584-0106
천안마정일반산업단지,(주)신창,충청남도 천안시서북구 직산읍 마정리 518번지,041-583-9995
천안제4일반산업단지,대신기공,충청남도 천안시 서북구 직산읍 4산단4로 60,041-583-9877
천안마정일반산업단지,(주)태성기계,충청남도 천안시서북구 직산읍 마정리 503번지,041-583-9487
천안마정일반산업단지,(주)태성바이오,"충청남도 천안시 서북구 직산읍 마정1길 47, 비동",041-583-9487
천안마정일반산업단지,(주)아인시스템,충청남도 천안시 서북구 직산읍 마정1길 8,041-583-9441
천안직산농공단지,태평양물산(주),충청남도 천안시서북구 직산읍 부송리 72-12번지,041-583-9324
천안직산농공단지,성도테크,"충청남도 천안시 서북구 직산읍 부송1길 55-11, 직산부송농공단지내",041-583-9142
천안직산농공단지,(주)핀텍,충청남도 천안시 서북구 직산읍 부송1길 43 ((주)핀텍),041-583-9001
천안직산농공단지,신송식품(주),충청남도 천안시서북구 직산읍 부송리 72-1번지,041-583-8611
천안백석농공단지,경신가동보(주),충청남도 천안시서북구 백석동 555-48 번지,041-583-8383
천안제2일반산업단지,주식회사 신미씨앤에프,충청남도 천안시 서북구 2공단1로 163 (차암동),041-583-8381
천안직산농공단지,(주)한강하우스,충청남도 천안시서북구 직산읍 부송리 72-2번지,041-583-8000
천안백석농공단지,엔지티,충청남도 천안시서북구 백석동 555-25번지,041-583-7909
천안제4일반산업단지,무지개솔텍,충청남도 천안시서북구 직산읍 모시리 289 번지,041-583-7888
천안직산농공단지,(주)풍양상사,충청남도 천안시서북구 직산읍 부송리 72-11번지,041-583-7840
천안제3일반산업단지,주노오픈스토리,"충청남도 천안시 서북구 백석공단1로 10, 천안미래에이스하이테크시티 B동 1010호 (백석동)",041-583-7333
천안산업기술일반산업단지,(주)케이티엠,충청남도 천안시서북구 직산읍 삼은리 43-5번지 천안밸리 번영관 3310호,041-583-7200
천안직산농공단지,(주)엠케이정공,충청남도 천안시 서북구 직산읍 부송1길 55-14,041-583-7147
천안마정일반산업단지,(주)쓰리쎄븐 마정2공장,충청남도 천안시서북구 직산읍 마정리 523번지,041-583-6804
천안마정일반산업단지,유원산업,충청남도 천안시서북구 직산읍 마정리 523번지,041-583-6801
천안직산농공단지,(주)지엔티웍스,"충청남도 천안시 서북구 직산읍 부송1길 62, 1층",041-583-6663
천안산업기술일반산업단지,정밀가공지원센터(주),충청남도 천안시서북구 직산읍 삼은리 43-26번지,041-583-6662
천안마정일반산업단지,대경산업,충청남도 천안시서북구 직산읍 마정리 492번지,041-583-6380
천안마정일반산업단지,은진공업,충청남도 천안시서북구 직산읍 마정리 516번지,041-583-6090
천안산업기술일반산업단지,(주)피토,충청남도 천안시서북구 직산읍 삼은리 43-22번지,041-583-5900
천안마정일반산업단지,(주)동우페이퍼텍,충청남도 천안시 서북구 직산읍 금곡로 35 (DongWooPapertech),041-583-5800
천안마정일반산업단지,(주)동우페이퍼텍,충청남도 천안시 서북구 직산읍 마정1길 62,041-583-5800
천안제4일반산업단지,상신이디피(주),충청남도 천안시 서북구 직산읍 4산단6길 27,041-583-5027
천안제4일반산업단지,금명정밀,충청남도 천안시 서북구 직산읍 4산단5길 25-8,041-583-4878
천안마정일반산업단지,(주)태정금속,충청남도 천안시서북구 직산읍 마정리 498번지,041-583-4780
천안마정일반산업단지,태정금속,충청남도 천안시서북구 직산읍 마정리 498 번지,041-583-4780
천안제5일반산업단지,에스티케이 글로벌,충청남도 천안시 동남구 성남면 세성로 28,041-583-4611
천안직산농공단지,HC코리아,충청남도 천안시서북구 직산읍 마정리 514번지,041-583-4606
천안마정일반산업단지,현대기공,충청남도 천안시 서북구 직산읍 금곡로 42 (히트텍(주)),041-583-4190
천안산업기술일반산업단지,씨에이치티,"충청남도 천안시서북구 직산읍 삼은리 43-5번지 충남테크노파크 천안밸리 번영관 1305,1310호",041-583-3856
천안제5일반산업단지,건영하이텍,충청남도 천안시 동남구 수신면 5산단6로 29,041-583-3533
천안백석농공단지,(주)알가,"충청남도 천안시 서북구 백석공단5길 10 (백석동, (주)알가)",041-583-3479
천안마정일반산업단지,명성PC,충청남도 천안시서북구 직산읍 마정리 527번지,041-583-3323
천안마정일반산업단지,(주)반도중부기계,충청남도 천안시 서북구 직산읍 금곡로 52-12,041-583-3239
천안산업기술일반산업단지,(주)위드알앤에이,"충청남도 천안시 서북구 직산읍 직산로 136, 충남테크노파크영상미디어관 108호",041-583-3052
천안제2일반산업단지,비엔엑스코리아,"충청남도 천안시 서북구 2공단2로 95 (차암동, 천안테크노타운)",041-583-2002
천안풍세일반산업단지,한국미우라공업(주),충청남도 천안시 동남구 풍세면 풍세산단로 240-32,041-583-1822
천안제4일반산업단지,(주)제이아이테크,충청남도 천안시 서북구 직산읍 4산단3로 52 (백운ENG),041-583-1819
천안제4일반산업단지,성진기업,"충청남도 천안시 서북구 직산읍 4산단5길 25-10, C동 109호",041-583-1709
천안제4일반산업단지,(주)엠아이,"충청남도 천안시 서북구 직산읍 4산단4로 60, C동 2호",041-583-0918
천안마정일반산업단지,(주)엠아이,충청남도 천안시서북구 직산읍 마정리 509번지 마정산업단지,041-583-0917
천안제4일반산업단지,(주)디엠피엠씨,충청남도 천안시 서북구 직산읍 4산단2길 9,041-583-0750
천안산업기술일반산업단지,참자연주식회사,"충청남도 천안시 서북구 직산읍 직산로 136, 충남테크노파크 벤처관 2204호",041-583-0646
천안마정일반산업단지,우성Industry,충청남도 천안시서북구 직산읍 마정리 489번지,041-583-0571
천안제4일반산업단지,(주)엔에스에프,충청남도 천안시 서북구 직산읍 2공단5로 97-34,041-583-0571
천안제4일반산업단지,(주)엘에스이,충청남도 천안시 서북구 직산읍 4산단6길 22,041-583-0110
천안제5일반산업단지,(주)아워솔루션,충청남도 천안시 동남구 성남면 5산단3로 77-15,041-583-0058
천안산업기술일반산업단지,한국스미더스오아시스(주),"충청남도 천안시 서북구 직산읍 직산로 136, 생산관 2301호, 2302호",041-582-8000
천안산업기술일반산업단지,(주)제니스이엔지,"충청남도 천안시 서북구 직산로 136, 충남테크노파크 성공관 108호, 208호 (직산읍)",041-582-7897
천안제4일반산업단지,(주)비오엠,"충청남도 천안시 서북구 직산읍 4산단5길 11-4, B동 103호",041-582-5886
천안제4일반산업단지,(주)더블유아이,충청남도 천안시 서북구 직산읍 4산단7로 17-15,041-582-5700
천안산업기술일반산업단지,(주)순바이오,"충청남도 천안시 서북구 직산읍 직산로 136, 번영관 3303호",041-582-5401
천안제4일반산업단지,(주)동일에이앤티,"충청남도 천안시 서북구 직산읍 2공단5로 107, 1층",041-582-5017
천안제5일반산업단지,콘티테크대원에어스프링시스템즈,충청남도 천안시 동남구 성남면 5산단2로 114,041-582-2800
천안제4일반산업단지,주식회사 셀릭,충청남도 천안시 서북구 직산읍 4산단3로 15 OCI스페셜티,041-582-1765
천안제4일반산업단지,신창실업(주),충청남도 천안시서북구 직산읍 신갈리 257번지,041-582-0606
천안제4일반산업단지,(주)티에스이,충청남도 천안시서북구 직산읍 모시리 299번지,041-581-9955
천안산업기술일반산업단지,에프엔티(주),충청남도 천안시서북구 직산읍 삼은리 43-1번지 충남테크노파크 4106호,041-581-9001
천안풍세일반산업단지,(주)한영정밀,충청남도 천안시 동남구 풍세면 풍세산단2로 50-12,041-581-8833
천안제4일반산업단지,동오정밀(주),충청남도 천안시 서북구 직산읍 2공단5로 97-31,041-581-7900
천안산업기술일반산업단지,알비시스템 주식회사,"충청남도 천안시 서북구 직산읍 직산로 136, 번영관 2104호 (직산읍)",041-581-7825
천안직산농공단지,명문산업,충청남도 천안시 서북구 직산읍 부송1길 48 (삼진코리아),041-581-5400
천안산업기술일반산업단지,주식회사 인더스웰,"충청남도 천안시 서북구 직산읍 직산로 136, 생산관 2308호",041-581-2235
천안산업기술일반산업단지,주식회사 나익스,"충청남도 천안시 서북구 직산읍 직산로 136, 생산관 3311호",041-581-2201
천안제4일반산업단지,글로잭,"충청남도 천안시 서북구 직산읍 4산단5길 25-12, C동 107호",041-581-0967
천안직산농공단지,주식회사 세이프존,"충청남도 천안시 서북구 직산읍 부송1길 62, 1동 1호 ((주)서풍)",041-581-0963
천안직산농공단지,주식회사 스마트에코,"충청남도 천안시 서북구 직산읍 부송1길 62, 1동 2호",041-581-0708
천안풍세일반산업단지,(주)티에스이,충청남도 천안시 동남구 풍세면 풍세산단로 7,041-580-9955
천안제4일반산업단지,(주)아모그린텍,충청남도 천안시 서북구 직산읍 4산단7로 17-8,041-580-1710
천안제4일반산업단지,(주)아모그린텍 천안제2공장,충청남도 천안시 서북구 직산읍 4산단5길 90,041-580-1710
천안풍세일반산업단지,세원이엔지,충청남도 천안시 동남구 풍세면 보성리 804번지,041-579-9767
천안백석농공단지,주식회사 광성테크,충청남도 천안시 서북구 백석공단1로 70 (백석동),041-579-9155
천안제3일반산업단지,(주)에스엠티시스템,"충청남도 천안시 서북구 백석공단1로 10, 천안미래에이스하이테크시티 M동 B124호 (백석동)",041-579-6331
천안백석농공단지,(주)센트로닉스,"충청남도 천안시 서북구 백석공단5길 25, 103호 (백석동)",041-579-5570
천안제2일반산업단지,주식회사 휴인,"충청남도 천안시 서북구 2공단3로 59, 1층,업성동625-7 (업성동)",041-579-5091
천안산업기술일반산업단지,주식회사 기운찬,"충청남도 천안시 서북구 직산읍 직산로 136, 정밀가공지원센터 1층",041-579-2203
천안산업기술일반산업단지,삼우테크,"충청남도 천안시 서북구 직산읍 직산로 136, 충남테크노파크 생산관 2109호 (직산읍, 천안밸리)",041-579-1212
천안산업기술일반산업단지,(주)상승글로벌,"충청남도 천안시 서북구 직산읍 직산로 136, 충남테크노파크 생산관 2105호",041-579-0175
천안제3일반산업단지,KOREA OA,"충청남도 천안시 서북구 백석공단1로 10, 천안미래에이스하이테크시티 B동 905호 (백석동)",041-578-8978
천안제3일반산업단지,디자인 청어람,"충청남도 천안시 서북구 백석공단1로 10, 천안미래에이스하이테크시티 M동 332호 (백석동)",041-578-2325
천안풍세일반산업단지,유니슨테크놀러지(주),충청남도 천안시 동남구 풍세면 풍세산단1로 35,041-577-3457
천안제3일반산업단지,알엠테크 주식회사,"충청남도 천안시 서북구 백석공단1로 10, M동412호(백석동, 천안 미래에이스하이테크시티)",041-577-1230
천안제3일반산업단지,(주)하나기전,"충청남도 천안시 서북구 백석공단1로 10, 천안미래에이스하이테크시티 M동 405호 (백석동)",041-576-8894
천안백석농공단지,파워테크(주),충청남도 천안시 서북구 백석공단1로 70 (백석동),041-576-7573
천안백석농공단지,피앤케이(P&K),충청남도 천안시 서북구 백석공단1로 70 (백석동),041-576-7573
천안백석농공단지,(주)무궁화엘앤비,충청남도 천안시 서북구 백석공단4길 11 (백석동),041-576-1081
천안제3일반산업단지,(주)티엔씨테크,"충청남도 천안시 서북구 백석공단1로 10, 천안미래에이스하이테크시티 A동 808호 (백석동)",041-575-7913
천안산업기술일반산업단지,(주)썬패치테크노,"충청남도 천안시 서북구 직산읍 직산로 136, 충남테크노파크 벤처관 1201호~1205호",041-575-4044
천안산업기술일반산업단지,자평테크,"충청남도 천안시 서북구 직산읍 직산로 136, 차세대에너지센터 208호 (천안밸리)",041-575-1280
천안제3일반산업단지,(주)케이셈,"충청남도 천안시 서북구 백석공단1로 10, 천안미래에이스하이테크시티 M동 209호 (백석동)",041-575-0943
천안제3일반산업단지,(주)케이셈테크놀러지,"충청남도 천안시 서북구 백석공단1로 10, 천안미래에이스하이테크시티 B동 503호 (백석동)",041-575-0943
천안풍세일반산업단지,(주)천음테크,충청남도 천안시 동남구 풍세면 풍세산단2로 50-3,041-574-9466
천안풍세일반산업단지,주식회사 루브텍시스템,충청남도 천안시 동남구 풍세면 용정리 1023번지,041-574-5101
천안제3일반산업단지,이수환경(주),"충청남도 천안시 서북구 백석공단1로 10, 천안미래에이스하이테크시티 M동 302호 (백석동)",041-574-2225
천안풍세일반산업단지,지티에스(주),충청남도 천안시 동남구 풍세면 보성리 713번지,041-574-0814
천안백석농공단지,에이원텍(주),"충청남도 천안시 서북구 백석공단5길 15 (백석동, 한성ENC)",041-573-6319
천안제3일반산업단지,사무기기데모센터,"충청남도 천안시 서북구 백석공단1로 10, 천안미래에이스하이테크시티 M동 303호 (백석동)",041-572-9668
천안산업기술일반산업단지,(주)이가도어산업,"충청남도 천안시 서북구 직산읍 직산로 136 (재)충남테크노파크천안밸리 번영관 2304호,  2305호",041-572-7744
천안마정일반산업단지,대양특수기계,충청남도 천안시서북구 직산읍 마정리 526번지,041-572-4765
천안마정일반산업단지,삼한농기공업(주),충청남도 천안시서북구 직산읍 마정리 487번지 마정산업단지,041-572-3771
천안제3일반산업단지,유원에이티에스,"충청남도 천안시 서북구 백석공단1로 10, 천안미래에이스하이테크시티 A동 1008호 (백석동)",041-572-3117
천안제3일반산업단지,(주)디지털,"충청남도 천안시 서북구 백석공단1로 10, 천안미래에이스하이테크시티 M동 308,309호 (백석동)",041-571-6633
천안백석농공단지,대덕안전(주),"충청남도 천안시 서북구 백석공단3길 20 (백석동, 웅진보안시스템(주))",041-571-5386
천안제3일반산업단지,디오엔지니어링,"충청남도 천안시 서북구 백석공단1로 10, 천안미래에이스하이테크시티 M동 B110호 (백석동)",041-571-3863
천안제5일반산업단지,(주)위파,충청남도 천안시 동남구 수신면 5산단5로 33,041-571-3711
천안산업기술일반산업단지,(주)굿에어,"충청남도 천안시 서북구 직산읍 직산로 136, 생산관 2304호(충남테크노파크)",041-571-0221
천안제5일반산업단지,(주)켐플러스,충청남도 천안시 동남구 성남면 5산단2로 20,041-570-8992
천안제5일반산업단지,대전충남양돈축산업협동조합 포크빌축산물공판장,충청남도 천안시 동남구 성남면 5산단1로 81,041-570-1332
천안제3일반산업단지,(주)스쿱,"충청남도 천안시 서북구 백석공단1로 10, 천안미래에이스하이테크시티 M동 404호 (백석동)",041-569-9645
천안제4일반산업단지,아이벡,충청남도 천안시 서북구 직산읍 4산단1길 70,041-569-8700
천안산업기술일반산업단지,주식회사 비엠이,"충청남도 천안시 서북구 직산읍 직산로 136, 2차 전지기술센터 210호, 211호, 212호(충남테크노파크) (직산읍)",041-569-5757
천안5산단외국인투자지역,칸토덴카화인프로덕츠한국(주),충청남도 천안시 동남구 수신면 신풍리 614번지,041-569-4562
천안제3일반산업단지,(주)한국펫푸드연구소,"충청남도 천안시 서북구 백석공단1로 10, 천안미래에이스하이테크시티 M동 401호 (백석동)",041-569-4423
천안제3일반산업단지,(주)베스텍 일호지점,"충청남도 천안시 서북구 백석공단1로 10, 천안미래에이스하이테크시티 M동 B105, A동 604,605호 (백석동)",041-569-2940
천안백석농공단지,조이텍,"충청남도 천안시 서북구 백석공단1로 47 (백석동, (주)비젼테크놀로지)",041-569-2255
천안풍세일반산업단지,(주)한국코스모,충청남도 천안시 동남구 풍세면 풍세산단로 172,041-569-0801
천안풍세일반산업단지,주식회사 한국코스모,충청남도 천안시 동남구 풍세면 보성리 815번지,041-569-0801
천안제4일반산업단지,(주)디알테크,충청남도 천안시 서북구 직산읍 4산단3로 96 ((주)디엠케이공장),041-569-0711
천안제4일반산업단지,(주)지아이베큠,충청남도 천안시 서북구 직산읍 2공단5로 97-34,041-568-8826
천안제4일반산업단지,(주)지아이베큠,충청남도 천안시 서북구 직산읍 4산단4로 11,041-568-8826
천안제4일반산업단지,(주)엔시스,충청남도 천안시 서북구 직산읍 2공단5로 117-10,041-568-7222
천안제2일반산업단지,벨금속공업(주),충청남도 천안시 서북구 2공단7길 27 (차암동),041-568-5222
천안제3일반산업단지,우리시스템,"충청남도 천안시 서북구 백석공단1로 10, 천안미래에이스하이테크시티 M동 435호, B125호 (백석동)",041-568-4955
천안산업기술일반산업단지,(주)프라스,"충청남도 천안시 서북구 직산읍 직산로 136, 충남테크노파크 생산관 3107, 3108호",041-568-3132
천안직산농공단지,삼성인터내쇼날,충청남도 천안시 서북구 직산읍 부송1길 62,041-568-2743
천안제4일반산업단지,(주)탑텍,충청남도 천안시 서북구 직산읍 4산단3로 133 외 1필지,041-568-1185
천안제5일반산업단지,한일특수로라(주),충청남도 천안시 동남구 수신면 신풍리 547번지,041-568-0771
천안제3일반산업단지,(주)다인폴리머,"충청남도 천안시 서북구 백석공단1로 10, 천안미래에이스하이테크시티 M동 313호 (백석동)",041-567-9140
천안제2일반산업단지,주식회사 탑나노시스 ,"충청남도 천안시 서북구 2공단3로 59, 2층(업성동)",041-567-7400
천안백석농공단지,씨앤티컴퍼니,"충청남도 천안시 서북구 백석공단6길 36, 3동 1층 (백석동)",041-567-6796
천안산업기술일반산업단지,(주)알티자동화,"충청남도 천안시 서북구 직산읍 직산로 136, 번영관 3308호(충남테크노파크)",041-567-5580
천안산업기술일반산업단지,주식회사 유유랑컴퍼니,"충청남도 천안시 서북구 직산읍 직산로 136, 충남테크노파크 정보영상관 511호",041-567-3848
천안외국인투자지역,(주)에이씨코스메틱스,"충청남도 천안시 서북구 백석공단7로 60, (주)에이씨코스메틱스 (백석동, (주)아크로스)",041-567-2334
천안제2일반산업단지,일진열기 주식회사,충청남도 천안시 서북구 2공단7길 15 (차암동),041-567-2193
천안제2일반산업단지,일진열기 주식회사 ,충청남도 천안시 서북구 2공단1로 148 (차암동),041-567-2193
천안백석농공단지,(주)동국일렉콘스,충청남도 천안시서북구 백석동 555-31번지 백석농공단지,041-567-1236
천안제5일반산업단지,(주)영공 천안지점,충청남도 천안시 동남구 성남면 대화리 351번지 외 1필지,041-567-0084
천안직산농공단지,(주)제이엠,충청남도 천안시서북구 직산읍 부송리 72-14번지,041-566-8700
천안제3일반산업단지,법무사.행정사 김기원 사무소,"충청남도 천안시 서북구 백석공단1로 10, 천안미래에이스하이테크시티 A동 908호 (백석동)",041-566-8668
천안제2일반산업단지,광명산업㈜중앙연구소,충청남도 천안시 서북구 2공단1로 155 (차암동),041-566-8612
천안백석농공단지,(주)퍼슨,충청남도 천안시 서북구 백석공단1로 47 (백석동),041-566-8283
천안목천농공단지,제이에스전선(주) 목천공장,충청남도 천안시 동남구 목천읍 학수소사길 219-27,041-566-5641
천안5산단외국인투자지역,(주)제이씨유코리아,충청남도 천안시 동남구 성남면 5산단1로 96,041-566-4095
천안풍세일반산업단지,주식회사 연희,충청남도 천안시 동남구 풍세면 용정리 980번지 외 2필지,041-566-4091
천안제5일반산업단지,썬프로로시스템 코리아(주),충청남도 천안시 동남구 성남면 5산단3로 1,041-566-3266
천안제4일반산업단지,(주)에스에프이,충청남도 천안시 서북구 직산읍 4산단4로 42,041-566-3070
천안제5일반산업단지,(주)성우,충청남도 천안시 동남구 성남면 5산단2로 133,041-566-3054
천안풍세일반산업단지,(주)지에스아이 ,충청남도 천안시 동남구 풍세면 풍세산단로 215,041-566-2519
천안제4일반산업단지,(주)제이스,"충청남도 천안시 서북구 직산읍 4산단5길 25-4, C동 112호",041-566-1242
천안산업기술일반산업단지,지브이엠(주),충청남도 천안시 서북구 직산읍 직산로 136 (재)충남테크노파크천안밸리 성공관 101호,041-566-0334
천안풍세일반산업단지,(주)지컴,충청남도 천안시 동남구 풍세면 풍세산단1로 43,041-565-9720
천안풍세일반산업단지,이노에프앤아이주식회사,충청남도 천안시 동남구 풍세면 풍세산단로 122 외 1필지,041-565-9464
천안직산농공단지,라이트산업(주),충청남도 천안시 서북구 직산읍 부송1길 62,041-565-7795
천안풍세일반산업단지,대아툴(주),충청남도 천안시 동남구 풍세면 풍세산단로 200,041-565-5114
천안제3일반산업단지,티앤테크,"충청남도 천안시 서북구 백석공단1로 10, 천안미래에이스하이테크시티 M동 B106호 (백석동)",041-565-4172
천안제3일반산업단지,태광산업,"충청남도 천안시 서북구 백석공단1로 10, 천안미래에이스하이테크시티 M동 B107호, A동 702호 (백석동)",041-565-4171
천안풍세일반산업단지,(주)서창테크,충청남도 천안시 동남구 풍세면 풍세산단로 194,041-565-3944
천안제3일반산업단지,(주)정도에너텍,"충청남도 천안시 서북구 백석공단1로 10, 천안미래에이스하이테크시티 B동 807호 (백석동)",041-565-3388
천안제3일반산업단지,(주)에이스테크,"충청남도 천안시 서북구 백석공단1로 10, 천안미래에이스하이테크시티 M동 B112호 (백석동)",041-565-2303
천안풍세일반산업단지,(주)엔브이시스,충청남도 천안시 동남구 풍세면 풍세산단3로 20,041-565-0321
천안제2일반산업단지,그랜텍 주식회사,충청남도 천안시 서북구 2공단1로 168 (차암동),041-564-8005
천안외국인투자지역,(주)우창코넥타,충청남도 천안시 서북구 3공단4로 40 (백석동),041-564-7370
천안외국인투자지역,(주)우창코넥타 제2공장,충청남도 천안시 서북구 3공단2로 50 (백석동) 외 1필지,041-564-7370
천안백석농공단지,(주)에스아이티,충청남도 천안시 서북구 백석공단4길 21 (백석동),041-564-6800
천안제5일반산업단지,(주)코리아씰팩,충청남도 천안시 동남구 성남면 5산단4로 23,041-564-6263
천안외국인투자지역,브이테크놀로지코리아(주),충청남도 천안시서북구 백석동 718번지,041-564-6181
천안제2일반산업단지,주식회사 다성전자회로,충청남도 천안시 서북구 2공단7길 50 (차암동),041-564-6001
천안산업기술일반산업단지,웰스메디텍(주),"충청남도 천안시 서북구 직산읍 직산로 136, 502, 503호 (직산읍)",041-564-5532
천안제4일반산업단지,주식회사 다우텍,충청남도 천안시 서북구 직산읍 2공단5로 115,041-564-3667
천안제2일반산업단지,DK EcoV 환경미생물연구소,충청남도 천안시 서북구 2공단2로 95 (차암동) 천안테크노타운 1동 5층 501호,041-564-3457
천안제3일반산업단지,신명테크,"충청남도 천안시 서북구 백석공단1로 10, 천안미래에이스하이테크시티 A동 1014호 (백석동)",041-564-3017
천안산업기술일반산업단지,(주)하이워드,충청남도 천안시서북구 직산읍 삼은리 43-1번지 천안밸리 번영관4201~3호,041-564-0922
천안풍세일반산업단지,(주)피티엘,"충청남도 천안시 동남구 풍세면 풍세산단로 155, 풍세일반산업단지 A5-4",041-564-0904
천안마정일반산업단지,진성엔프라(주),충청남도 천안시서북구 직산읍 마정리 525번지,041-564-0552
천안제3일반산업단지,자이온소프트,"충청남도 천안시 서북구 백석공단1로 10, 천안미래에이스하이테크시티 B동 709,710호 (백석동)",041-564-0204
천안제2일반산업단지,주식회사 보명하이텍,"충청남도 천안시 서북구 2공단3로 59, (업성동625-7) (업성동)",041-564-0061
천안직산농공단지,대일공업(주),충청남도 천안시 서북구 직산읍 부송1길 83 ((주)대일공업),041-563-6341
천안풍세일반산업단지,(주)비앤씨 화장품,충청남도 천안시 동남구 풍세면 풍세산단로 134,041-563-6116
천안백석농공단지,신흥전자,충청남도 천안시서북구 백석동 555-29번지,041-563-4410
천안마정일반산업단지,대륙기계,충청남도 천안시서북구 직산읍 마정리 504번지,041-563-3125
천안백석농공단지,(주)남양전기,"충청남도 천안시 서북구 백석공단3길 66 (백석동, (주)대명)",041-563-2819
천안백석농공단지,뉴텍,충청남도 천안시서북구 백석동 555-31번지,041-563-0703
천안산업기술일반산업단지,씨컨트롤,"충청남도 천안시 서북구 직산읍 직산로 136, 충남테크노파크 생산관 2106호",041-563-0353
천안제2일반산업단지,정공사,"충청남도 천안시 서북구 2공단3로 65 (업성동, 지엠씨텍)",041-562-8266
천안산업기술일반산업단지,제이엘솔루션(주),"충청남도 천안시 서북구 직산읍 직산로 136, 번영관 4104호, 4105호",041-562-2341
천안제3일반산업단지,우성텍 주식회사,"충청남도 천안시 서북구 백석공단1로 10, 천안미래에이스하이테크시티 B동 911호 (백석동)",041-562-1449
천안산업기술일반산업단지,(주)비엘디,"충청남도 천안시 서북구 직산읍 직산로 136, 충남테크노파크 번영관 1101호 (천안밸리)",041-561-8130
천안마정일반산업단지,(주)삼정그린텍,충청남도 천안시 서북구 직산읍 마정1길 15,041-561-7773
천안제5일반산업단지,창인특장,충청남도 천안시 동남구 성남면 5산단3로 65,041-561-7741
천안외국인투자지역,(주)주환바이오.셀,충청남도 천안시 서북구 3공단2로 30 (백석동),041-561-7708
천안백석농공단지,(주)주환바이오.셀,충청남도 천안시서북구 백석동 555-30번지,041-561-7706
천안제3일반산업단지,(주)지앤아이,"충청남도 천안시 서북구 백석공단1로 10, 천안미래에이스하이테크시티 B동 906호 (백석동)",041-561-5461
천안제3일반산업단지,미래메디엔텍(주),"충청남도 천안시 서북구 백석공단1로 10, 천안미래에이스하이테크시티 A동 505호 (백석동)",041-561-2547
천안풍세일반산업단지,다원씨티에스,충청남도 천안시 동남구 풍세면 보성리 0-0번지 풍세일반산업단지 A17-2,041-561-2530
천안풍세일반산업단지,주식회사 다원씨티에스,충청남도 천안시 동남구 풍세면 풍세산단로 15,041-561-2530
천안제5일반산업단지,(주)디에스켐,충청남도 천안시 동남구 성남면 대화리 357번지,041-561-1952
천안외국인투자지역,(주)티아이오토모티브,"충청남도 천안시 서북구 3공단4로 11 (차암동, TIAutomotive)",041-560-8800
천안제3일반산업단지,삼성SDI(주),"충청남도 천안시 서북구 번영로 467 (성성동, 삼성SDI(주))",041-560-3115
천안외국인투자지역,프렉스에어서피스테크놀로지스(주),충청남도 천안시서북구 백석동 743번지,041-560-2400
천안외국인투자지역,(주)티아이오토모티브,충청남도 천안시서북구 백석동 708번지 외 1필지,041-560-2000
천안천흥일반산업단지,현대스틸산업(주),충청남도 천안시 서북구 성거읍 천흥8길 18-9,041-560-1826
천안제3일반산업단지,미래산업(주),"충청남도 천안시 서북구 백석공단7로 65 (백석동, 미래산업(주))",041-559-8724
천안제2일반산업단지,대상라이프사이언스 주식회사 천안2공장,충청남도 천안시 서북구 2공단2로 112 (업성동),041-559-7225
천안제2일반산업단지,대상라이프사이언스 주식회사 천안공장 ,충청남도 천안시 서북구 2공단5로 51 (차암동),041-559-7225
천안제2일반산업단지,대상 주식회사 천안공장,충청남도 천안시 서북구 2공단5로 51 (차암동),041-559-7200
천안제2일반산업단지,하니웰애널리틱스주식회사(천안지점),충청남도 천안시 서북구 2공단2로 28 (성성동),041-559-4639
천안제2일반산업단지,한국하니웰 주식회사(천안공장),"충청남도 천안시 서북구 2공단2로 28 (차암동, 한국하니웰(주))",041-559-4539
천안제2일반산업단지,국제엘렉트릭코리아(주),"충청남도 천안시 서북구 2공단8길 46 (차암동, 국제엘렉트릭코리아(주))",041-559-1781
천안천흥일반산업단지,한국피앤지(유),충청남도 천안시 서북구 성거읍 천흥8길 73 (한국피앤지(주)),041-559-0004
천안제2일반산업단지,거성라이트(주),"충청남도 천안시 서북구 2공단2로 95 (차암동, 천안테크노타운)",041-558-9967
천안제5일반산업단지,에스엘티 주식회사,충청남도 천안시 동남구 수신면 5산단5로 27,041-558-8876
천안제2일반산업단지,주식회사 제이씨엘로보타 ,"충청남도 천안시 서북구 2공단3로 15-1, 에이동 1-1, 1-2(성성동)",041-558-8540
천안백석농공단지,(주)한국환경기술,충청남도 천안시 서북구 백석공단4길 15 (백석동),041-558-7700
천안외국인투자지역,(주)화이트스톤,충청남도 천안시서북구 백석동 745-2번지,041-558-5800
천안제3일반산업단지,주식회사 유소년교육연구소,"충청남도 천안시 서북구 백석공단1로 10, A동 509호, A동 510호(백석동, 천안 미래에이스하이테크시티)",041-558-5530
천안백석농공단지,지엔에스티(주),충청남도 천안시 서북구 백석공단1로 34 (백석동) 외 1필지,041-558-5080
천안5산단외국인투자지역,(주)코벤티아코리아,충청남도 천안시 동남구 성남면 5산단3로 77-8,041-558-2921
천안백석농공단지,주식회사 기산,충청남도 천안시 서북구 백석공단4길 8 (백석동),041-558-0738
천안산업기술일반산업단지,신화에코필(주),"충청남도 천안시 서북구 직산읍 직산로 136, 충남테크노파크 번영관 3301호, 3302호, 3306호, 3307호",041-558-0215
천안제2일반산업단지,스페셜메디칼,"충청남도 천안시 서북구 2공단2로 95, 1동 2층 204호(차암동, 천안테크노타운) 1동 2층 204호",041-558-0188
천안제2일반산업단지,(주)맥스텍,"충청남도 천안시 서북구 2공단2로 95, 4층 402호 (차암동, 천안테크노타운)",041-557-7600
천안제2일반산업단지,주식회사 맥스텍,"충청남도 천안시 서북구 2공단2로 95, 5층 508호 (차암동, 천안테크노타운)",041-557-7600
천안산업기술일반산업단지,씨티아이코리아(주),"충청남도 천안시 서북구 직산읍 직산로 136, 충남테크노파크 영상미디어센터 연구동 315호,316호,317호",041-557-5200
천안제3일반산업단지,씨티아이코리아 주식회사,"충청남도 천안시 서북구 백석공단1로 10, M동 327호(백석동, 천안 미래에이스하이테크시티)",041-557-5200
천안제5일반산업단지,(주)동명케미칼,충청남도 천안시 동남구 성남면 5산단2로 36,041-557-3395
천안제5일반산업단지,(주)한일정밀2공장,충청남도 천안시 동남구 수신면 5산단5로 39,041-557-3060
천안제3일반산업단지,(주)에이치앤씨시스템,"충청남도 천안시 서북구 백석공단1로 10, 천안미래에이스하이테크시티 M동 208호 (백석동)",041-557-2918
천안백석농공단지,대서푸드,충청남도 천안시 서북구 백석공단4길 15 (백석동),041-557-0224
천안백석농공단지,채움푸드,충청남도 천안시 서북구 백석공단4길 8 (백석동),041-556-8840
천안제5일반산업단지,(주)모아캠,충청남도 천안시 동남구 성남면 5산단2로 91,041-556-7752
천안풍세일반산업단지,알엠에스 테크놀러지(주),충청남도 천안시 동남구 풍세면 풍세산단1로 55 외 1필지,041-556-7600
천안풍세일반산업단지,알엠에스테크놀러지(주),충청남도 천안시 동남구 풍세면 보성리 730번지,041-556-7600
천안풍세일반산업단지,(주)우성케미칼,"충청남도 천안시 동남구 풍세면 풍세산단로 150, (풍세일반산업단지 A4-1)",041-556-6250
천안풍세일반산업단지,(주)우성케미칼,충청남도 천안시 동남구 풍세면 용정리 1024번지,041-556-6250
천안백석농공단지,(주)돈가식품,충청남도 천안시서북구 백석동 555-23번지,041-556-2000
천안제5일반산업단지,에코리서치(주),충청남도 천안시 동남구 성남면 대화리 361번지,041-555-9071
천안직산농공단지,주식회사 다우텍,충청남도 천안시 서북구 직산읍 부송1길 48,041-555-8932
천안풍세일반산업단지,케이.알.피,충청남도 천안시 동남구 풍세면 풍세산단로 190,041-555-8480
천안제3일반산업단지,하늘조명,"충청남도 천안시 서북구 백석공단1로 10, 천안미래에이스하이테크시티 M동 B121호 (백석동)",041-555-8398
천안백석농공단지,(주)유셀,충청남도 천안시 서북구 백석공단3길 27 (백석동),041-555-7880
천안백석농공단지,(주)쵸이스코스메틱,충청남도 천안시서북구 백석동 555-45번지,041-555-5407
천안제3일반산업단지,(주)삼화에너지,"충청남도 천안시 서북구 백석공단1로 10, 천안미래에이스하이테크시티 B동 1006호 (백석동)",041-555-5180
천안제3일반산업단지,(주)덕산스틸,"충청남도 천안시 서북구 백석공단1로 10, 천안미래에이스하이테크시티 M동 321호 (백석동)",041-555-4143
천안제2일반산업단지,(주)아이에스엠,"충청남도 천안시 서북구 2공단3로 15, A-2F (성성동)",041-555-2901
천안제4일반산업단지,(주)에이엔에이치,"충청남도 천안시 서북구 직산읍 4산단5길 11-1, B동 104호",041-555-2652
천안제5일반산업단지,농업회사법인(주)고가네 제2공장,충청남도 천안시 동남구 성남면 5산단1로 81,041-555-1855
천안제2일반산업단지,주식회사 지엠씨텍,충청남도 천안시 서북구 2공단3로 65 (업성동),041-555-1412
천안제3일반산업단지,(주)명문이엔지,"충청남도 천안시 서북구 백석공단1로 10, 천안미래에이스하이테크시티 B동 909,910호 (백석동)",041-555-0641
천안산업기술일반산업단지,(주)티앨에스티,"충청남도 천안시 서북구 직산읍 직산로 136, 충남테크노파크 천안밸리 생산관 2201~3호",041-555-0248
천안천흥일반산업단지,(주)아름다운화장품,충청남도 천안시 서북구 성거읍 천흥8길 55 (아름다운화장품),041-554-9000
천안제4일반산업단지,(주)와이엔씨,"충청남도 천안시 서북구 직산읍 4산단5길 11-1, B동 105호",041-554-7792
천안백석농공단지,(주)시원물산,충청남도 천안시서북구 백석동 555-55번지,041-554-7522
천안백석농공단지,(주)신화인텍,충청남도 천안시서북구 백석동 555-50번지,041-554-7349
천안풍세일반산업단지,JM텍(제이엠텍),충청남도 천안시 동남구 풍세면 풍세산단4로 34,041-554-6769
천안백석농공단지,(주)한국워터미터테크,충청남도 천안시 서북구 백석공단4길 8 (백석동),041-554-5752
천안제3일반산업단지,(주)해옴,"충청남도 천안시 서북구 백석공단1로 10, 천안미래에이스하이테크시티 B동 702호 (백석동)",041-554-5458
천안백석농공단지,태현테크,충청남도 천안시서북구 백석동 555-30번지,041-554-5045
천안백석농공단지,석화제약,충청남도 천안시 서북구 백석공단1로 70 (백석동),041-554-4559
천안백석농공단지,에스엔제이코스메틱주식회사,충청남도 천안시 서북구 백석공단3길 27 (백석동),041-554-3618
천안제2일반산업단지,일진산업사,"충청남도 천안시 서북구 2공단6길 7 (차암동, 일진산업(주))",041-554-2462
천안제2일반산업단지,주식회사 굿투비텍,"충청남도 천안시 서북구 2공단2로 97, 1동 5층 505호(차암동) 1동 5층 505호",041-554-2253
천안백석농공단지,(주)에스디이엔지,충청남도 천안시서북구 백석동 555-53 번지,041-554-1903
천안백석농공단지,(주)보성테크,충청남도 천안시서북구 백석동 555-56번지,041-554-0668
천안백석농공단지,아인코스(주),"충청남도 천안시 서북구 백석공단1로 79, G동 (백석동, 현대정기)",041-554-0615
천안백석농공단지,청실홍실,"충청남도 천안시 서북구 백석공단3길 66 (백석동, (주)대명)",041-553-6364
천안백석농공단지,충청정보통신(주),충청남도 천안시서북구 백석동 555-56번지,041-553-5858
천안제3일반산업단지,제이피이엔지(주),"충청남도 천안시 서북구 백석공단1로 10, 천안미래에이스하이테크시티 A동 508호 (백석동)",041-553-4911
천안백석농공단지,신화공업,"충청남도 천안시 서북구 백석공단4길 12 (백석동, 신화공업)",041-553-4709
천안풍세일반산업단지,나렛테크노,충청남도 천안시 동남구 풍세면 용정리 979번지,041-553-3188
천안백석농공단지,비엔케이(주),"충청남도 천안시 서북구 백석공단1로 91 (백석동, BNK(주))",041-553-2732
천안백석농공단지,(주)뉴앤뉴,충청남도 천안시 서북구 백석공단1로 85 (백석동),041-553-1610
천안풍세일반산업단지,하이켐,"충청남도 천안시 동남구 풍세면 풍세산단로 155, 풍세일반산업단지 A5-4",041-553-1436
천안마정일반산업단지,유니크티에스,충청남도 천안시 서북구 직산읍 마정1길 27,041-553-0616
천안제5일반산업단지,(주)신라정밀,충청남도 천안시 동남구 성남면 5산단2로 134,041-552-9801
천안제4일반산업단지,성원테크,"충청남도 천안시 서북구 직산읍 4산단1길 31, 신갈리 258",041-552-9572
천안제4일반산업단지,성원테크,"충청남도 천안시 서북구 직산읍 4산단5길 25-6, C동 111호",041-552-9572
천안백석농공단지,(주)엠이씨,"충청남도 천안시 서북구 백석공단3길 24 (백석동, (주)MEC)",041-552-9462
천안백석농공단지,(주)케이원전자,충청남도 천안시서북구 백석동 555-21번지,041-552-8272
천안백석농공단지,에스바이켐,충청남도 천안시서북구 백석동 555-56번지,041-552-8272
천안제4일반산업단지,(주)케이원전자,충청남도 천안시서북구 직산읍 모시리 286번지,041-552-8272
천안제3일반산업단지,(주)클레어,"충청남도 천안시 서북구 백석공단1로 10, 천안미래에이스하이테크시티 B동 1009호 (백석동)",041-552-7997
천안제3일반산업단지,빅웨이브,"충청남도 천안시 서북구 백석공단1로 10, 천안미래에이스하이테크시티 A동 905호 (백석동)",041-552-7555
천안제3일반산업단지,메저시스템,"충청남도 천안시 서북구 백석공단1로 10, 천안미래에이스하이테크시티 M동 413호, 414호 (백석동)",041-552-7214
천안풍세일반산업단지,(주)라미텍,충청남도 천안시 동남구 풍세면 풍세산단로 226-18,041-552-7100
천안풍세일반산업단지,(주)빌덱스,충청남도 천안시 동남구 풍세면 풍세산단3로 71,041-552-6642
천안백석농공단지,(주)한조,"충청남도 천안시 서북구 백석공단1로 94 (백석동, (주)한조)",041-552-6622
천안백석농공단지,(주)켐코,충청남도 천안시 서북구 백석공단3길 33 (백석동),041-552-6231
천안백석농공단지,삼진공업(주),"충청남도 천안시 서북구 백석공단1로 55, (백석농공단지내) (백석동)",041-552-5951
천안5산단외국인투자지역,(주)아마쎌지오스에어로젤스,충청남도 천안시 동남구 성남면 대화리 337번지 외 1필지,041-552-4910
천안풍세일반산업단지,(주)유창이앤씨,충청남도 천안시 동남구 풍세면 풍세산단3로 47,041-552-4042
천안풍세일반산업단지,주식회사 유창,충청남도 천안시 동남구 풍세면 풍세산단3로 47 외 1필지,041-552-4042
천안백석농공단지,대성전자(주),충청남도 천안시서북구 백석동 555-47번지,041-552-3831
천안제5일반산업단지,(주)아이디,충청남도 천안시 동남구 수신면 5산단4로 46,041-552-3473
천안제5일반산업단지,주식회사 아이디 제2공장,충청남도 천안시 동남구 수신면 5산단5로 3,041-552-3473
천안제4일반산업단지,티피텍(주),충청남도 천안시서북구 직산읍 모시리 277번지,041-552-3440
천안백석농공단지,동흥전자(주),충청남도 천안시서북구 백석동 555-31번지,041-552-3307
천안제3일반산업단지,티에스엔지니어링(주),"충청남도 천안시 서북구 백석공단1로 10, 천안미래에이스하이테크시티 M동 409호 (백석동)",041-552-2671
천안백석농공단지,금호산업(주),충청남도 천안시 서북구 백석공단3길 55 (백석동),041-552-2233
천안제5일반산업단지,제원시스템 주식회사,충청남도 천안시 동남구 성남면 5산단3로 47,041-552-1908
천안제5일반산업단지,(주)제원테크,충청남도 천안시 동남구 성남면 대화리 346번지,041-552-1907
천안백석농공단지,삼화기전(주),"충청남도 천안시 서북구 백석공단1로 80 (백석동, 삼화기전(주))",041-552-1574
천안백석농공단지,두리이엔지,충청남도 천안시서북구 백석동 555-37번지,041-552-1541
천안제4일반산업단지,(주)타보스,충청남도 천안시 서북구 직산읍 4산단3로 36-6,041-552-1512
천안백석농공단지,(주)건화서비스,충청남도 천안시서북구 백석동 555-31번지,041-552-1448
천안백석농공단지,(주)범양사 천안공장,"충청남도 천안시 서북구 백석공단3길 46 (백석동, 범양사천안공장)",041-552-0958
천안제4일반산업단지,(주)인테크놀로지,"충청남도 천안시 서북구 직산읍 4산단5길 25-7, C동 104호",041-552-0447
천안백석농공단지,퍼펙트,"충청남도 천안시 서북구 백석공단4길 12, 1동 1층 (백석동, 신화공업)",041-552-0238
천안백석농공단지,(주)우리테크,충청남도 천안시서북구 백석동 555-45번지,041-552-0030
천안백석농공단지,(주)이넥스,충청남도 천안시 서북구 백석공단4길 15 (백석동),041-552-0001
천안백석농공단지,(주)새롬에프티,"충청남도 천안시 서북구 백석공단1로 70, 다동 (백석동)",041-551-9596
천안마정일반산업단지,대성이엔티(주),충청남도 천안시서북구 직산읍 마정리 492번지,041-551-9239
천안제3일반산업단지,(주)더이엔지,"충청남도 천안시 서북구 백석공단1로 10, 천안미래에이스하이테크시티 M동 207, 436, 440호 (백석동)",041-551-8581
천안제3일반산업단지,(주)성진디앤피,"충청남도 천안시 서북구 백석공단1로 10, 천안미래에이스하이테크시티 A동 601호 (백석동)",041-551-5753
천안제5일반산업단지,상상한우 농업회사법인 주식회사,충청남도 천안시 동남구 성남면 5산단1로 81,041-551-3488
천안마정일반산업단지,천안특수도장,충청남도 천안시 서북구 직산읍 마정1길 35,041-551-1997
천안풍세일반산업단지,(주)백신산업,"충청남도 천안시 동남구 풍세면 풍세산단2로 50-8, 풍세일반산업단지 A16-2",041-551-1851
천안풍세일반산업단지,(주)서연테크,충청남도 천안시 동남구 풍세면 풍세산단1로 20,041-551-1016
천안풍세일반산업단지,주식회사 한국페잇,충청남도 천안시 동남구 풍세면 풍세산단1로 20,041-551-0992
천안산업기술일반산업단지,포씨테크(주),"충청남도 천안시 서북구 직산읍 직산로 136, 차세대에너지센타 212호 (천안밸리)",041-551-0153
천안풍세일반산업단지,대상푸드플러스(주),충청남도 천안시 동남구 풍세면 용정리 997번지,041-550-7900
천안풍세일반산업단지,(주)엠에이치앤코,충청남도 천안시 동남구 풍세면 풍세산단로 26,041-550-5570
천안백석농공단지,대윤테크놀로지(주),충청남도 천안시서북구 백석동 555-27번지,041-550-3835
천안산업기술일반산업단지,디지정보시스템,"충청남도 천안시 서북구 직산읍 직산로 136, 충남테크노파크 창업보육센터 정보영상융합센터 410호",041-549-0998
천안제3일반산업단지,(주)디바이스이엔지,"충청남도 천안시 서북구 백석공단1로 10, 천안미래에이스하이테크시티 A동 502,503호 (백석동)",041-548-9848
천안제3일반산업단지,로보스,"충청남도 천안시 서북구 백석공단1로 10, 천안미래에이스하이테크시티 A동 1009,1010호 (백석동)",041-548-9848
천안제3일반산업단지,나이스텍(주),"충청남도 천안시 서북구 백석공단1로 10, 천안미래에이스하이테크시티 M동 331호 (백석동)",041-547-9010
천안산업기술일반산업단지,주식회사 태영금속,"충청남도 천안시 서북구 직산읍 직산로 136, 생산관 3312호(충남테크노파크)",041-547-7168
천안풍세일반산업단지,(주)제이케이씨,충청남도 천안시 동남구 풍세면 풍세산단로 182,041-547-1855
천안제3일반산업단지,(주)세진아이지비,"충청남도 천안시 서북구 백석공단1로 10, 천안미래에이스하이테크시티 M동 322호 (백석동)",041-547-1825
천안제3일반산업단지,세종기술 주식회사,"충청남도 천안시 서북구 백석공단1로 10, M동 438호(백석동, 천안 미래에이스하이테크시티)",041-546-2188
천안제2일반산업단지,카호코리아 주식회사,"충청남도 천안시 서북구 2공단2로 95, 1동 2층 205호(차암동, 천안테크노타운) 1동 2층 205호",041-545-5411
천안제2일반산업단지,광명엔지니어링(주) ,충청남도 천안시 서북구 2공단1로 155 (차암동),041-544-8613
천안풍세일반산업단지,(주)푸르온,충청남도 천안시 동남구 풍세면 용정리 998번지,041-544-4965
천안산업기술일반산업단지,주식회사 엠티에스,충청남도 천안시 서북구 직산읍 직산로 136 (재)충남테크노파크천안밸리 번영관 3302호,041-544-1064
천안제4일반산업단지,주식회사 엘림,"충청남도 천안시 서북구 직산읍 4산단5길 25-12, C동 108호",041-542-9236
천안제3일반산업단지,성호테크,"충청남도 천안시 서북구 백석공단1로 10, 천안미래에이스하이테크시티 M동 B129,130호 (백석동)",041-542-8135
천안제3일반산업단지,(주)청명환경시스템,"충청남도 천안시 서북구 백석공단1로 10, 천안미래에이스하이테크시티 B동 502호 (백석동)",041-542-8032
천안5산단외국인투자지역,피에이치에이에차(유),충청남도 천안시 동남구 수신면 5산단1로 180,041-542-2620
천안제2일반산업단지,주식회사 미래정보산업,"충청남도 천안시 서북구 2공단2로 95, 1동 5층 501호(차암동, 천안테크노타운) 1동 5층 501호",041-542-1197
천안백석농공단지,와이케이이앤지,"충청남도 천안시 서북구 백석공단6길 36, 3층 1층 (백석동, 동흥전자(주))",041-541-8238
천안백석농공단지,(주)테토스,충청남도 천안시 서북구 백석공단5길 21 (백석동),041-541-2661
천안제3일반산업단지,(주)디쌤,"충청남도 천안시 서북구 백석공단1로 10, 천안미래에이스하이테크시티 A동 1004호 (백석동)",041-541-0041
천안제3일반산업단지,삼성전자(주),충청남도 천안시 서북구 번영로 465 (성성동),041-540-8667
천안백석농공단지,현담산업(주),충청남도 천안시 서북구 백석공단1로 61 (백석동),041-539-7294
천안백석농공단지,에스에프에이서비스(주),"충청남도 천안시 서북구 백석공단7로 16 (백석동, STS반도체통신(주))",041-538-9601
천안제5일반산업단지,(주)이엔에프테크놀로지,충청남도 천안시 동남구 성남면 대화리 364번지 외 3필지,041-538-3700
천안제3일반산업단지,유니메드제약(주),"충청남도 천안시 서북구 백석공단1로 10, 천안미래에이스하이테크시티 B동 601,602,603,604,605호 (백석동)",041-537-5500
천안제3일반산업단지,삼성디스플레이(주),"충청남도 천안시 서북구 번영로 465 (성성동, 삼성전자)",041-535-7811
천안제3일반산업단지,삼성디스플레이(주),"충청남도 천안시 서북구 번영로 467 (성성동, 삼성SDI(주))",041-535-7811
천안백석농공단지,(주)석우,"충청남도 천안시 서북구 백석공단5길 25, 101호 (백석동)",041-534-6777
천안제4일반산업단지,씨제이테크,"충청남도 천안시 서북구 직산읍 4산단3로 113, A동",041-534-3415
천안제5일반산업단지,(주)덕산테코피아 천안사업장,충청남도 천안시 동남구 5산단3로 30 (성남면) (주)덕산유엠티 외 1필지,041-533-5660
천안백석농공단지,정광판금,충청남도 천안시 서북구 백석공단1로 69 (백석동),041-532-9890
천안풍세일반산업단지,(주)에이치비테크놀러지,"충청남도 천안시 동남구 풍세면 풍세산단4로 62-6, (풍세일반산업단지A11-2)",041-532-8730
천안백석농공단지,(주)테바,충청남도 천안시 서북구 백석공단1로 42 (백석동),041-532-7605
천안백석농공단지,씨엘텍(주),충청남도 천안시 서북구 백석공단6길 36 (백석동),041-532-3269
천안제3일반산업단지,신영(주),"충청남도 천안시 서북구 백석공단1로 10, 천안미래에이스하이테크시티 A동 608호 (백석동)",041-532-2072
천안제3일반산업단지,(주)애니트랜스,"충청남도 천안시 서북구 백석공단1로 10, 천안미래에이스하이테크시티 A동 605호 (백석동)",041-532-1692
천안백석농공단지,방주에너지,충청남도 천안시서북구 백석동 555-31 번지,041-531-9634
천안직산농공단지,인테그로,충청남도 천안시 서북구 직산읍 부송1길 55-14 (직산읍),041-531-8855
천안제3일반산업단지,대한이엔지(주),"충청남도 천안시 서북구 백석공단1로 10, 천안미래에이스하이테크시티 M동 B115호 (백석동)",041-531-0370
천안마정일반산업단지,동원금속공업(주),충청남도 천안시서북구 직산읍 마정리 500번지,041-530-3126
천안마정일반산업단지,동원테크(주),충청남도 천안시서북구 직산읍 마정리 500번지 마정산업단지,041-530-3122
천안제3일반산업단지,다우케미칼오엘이디(유),충청남도 천안시 서북구 3공단6로 110 (차암동),041-529-9431
천안제3일반산업단지,롬엔드하스전자재료코리아(유),충청남도 천안시 서북구 3공단6로 130 (차암동),041-529-9431
천안제2일반산업단지,주식회사 녹십자메디스,"충청남도 천안시 서북구 2공단2로 95, 5층 503호 (차암동, 천안테크노타운)",041-529-8403
천안외국인투자지역,롬엔드하스전자재료코리아(유),충청남도 천안시서북구 백석동 736번지 외 1필지 외 1필지,041-529-5615
천안외국인투자지역,롬엔드하스전자재료코리아(유),충청남도 천안시서북구 백석동 735-2번지,041-529-5615
천안동면농공단지,(주)퍼시픽패키지,충청남도 천안시 동남구 동면 충절로 2294-35,041-529-4551
천안풍세일반산업단지,(주)비츠로밀텍,충청남도 천안시 동남구 풍세면 용정리 978번지,041-529-4000
천안백석농공단지,(주)휴민텍,충청남도 천안시 서북구 백석공단6길 47 (백석동),041-529-3830
천안제4일반산업단지,(주)에스앤씨,충청남도 천안시 서북구 직산읍 4산단1길 31,041-529-3800
천안외국인투자지역,(주)ABB코리아,충청남도 천안시 서북구 3공단4로 49 (성성동),041-529-2135
천안5산단외국인투자지역,마페이코리아(유),충청남도 천안시 동남구 수신면 5산단6로 46 외 2필지,041-529-1700
천안백석농공단지,(주)에스에프에이반도체,충청남도 천안시 서북구 백석공단6길 16 (백석동),041-529-0905
천안제2일반산업단지,주식회사 포트로닉스천안,"충청남도 천안시 서북구 2공단3로 15, 성성동 493-3 (성성동)",041-529-0313
천안5산단외국인투자지역,대한파카라이징(주),충청남도 천안시 동남구 성남면 대화리 329번지 330,041-523-9944
천안동면농공단지,코스모(주),충청남도 천안시 동남구 동면 충절로 2294-56,041-523-9881
천안제2일반산업단지,대원하이텍 주식회사,충청남도 천안시 서북구 2공단2로 105 (차암동),041-523-9177
천안제5일반산업단지,(주)제이쓰리,충청남도 천안시 동남구 성남면 대화리 349번지,041-523-8311
천안산업기술일반산업단지,(주)나비바이오텍,"충청남도 천안시서북구 직산읍 삼은리 506 번지 충남테크노파크 번영관 2304호,2305호",041-523-8257
천안천흥일반산업단지,한온시스템(주),충청남도 천안시 서북구 성거읍 천흥8길 67-5,041-523-8001
천안제3일반산업단지,(합)인사랑노무컨설팅,"충청남도 천안시 서북구 백석공단1로 10, 천안미래에이스하이테크시티 A동 811호 (백석동)",041-523-6655
천안제2일반산업단지,명신화학,충청남도 천안시 서북구 2공단2로 85 (차암동),041-523-6031
천안동면농공단지,성우오토텍(주),충청남도 천안시 동남구 동면 충절로 2294-42,041-523-5851
천안제5일반산업단지,주식회사 새로진,충청남도 천안시 동남구 성남면 5산단1로 81,041-523-5249
천안5산단외국인투자지역,(주)티지케이코리아,"충청남도 천안시 동남구 성남면 5산단1로 136, (325,326번지) 외 1필지",041-523-5072
천안풍세일반산업단지,에이씨와이테크놀로지(주),충청남도 천안시 동남구 풍세면 풍세산단로 194,041-523-4413
천안풍세일반산업단지,(주)지엠에스,충청남도 천안시 동남구 풍세면 용정리 1006번지,041-523-3841
천안풍세일반산업단지,(주)덴탈맥스,충청남도 천안시 동남구 풍세면 보성리 710번지,041-523-3580
천안백석농공단지,큐씨레이져,충청남도 천안시 서북구 백석공단1로 69 (백석동),041-523-2856
천안외국인투자지역,티씨씨(주),"충청남도 천안시 서북구 3공단2로 22 (백석동, (주)다모텍)",041-523-2248
천안외국인투자지역,(유)한국타코닉 제2공장 ,"충청남도 천안시 서북구 백석공단2길 80 (백석동, (유)한국타코닉)",041-523-1858
천안백석농공단지,(주)한성이엔지,충청남도 천안시서북구 백석동 555-33번지,041-523-1292
천안제3일반산업단지,삼원콘트롤,"충청남도 천안시 서북구 백석공단1로 10, 천안미래에이스하이테크시티 A동 902호 (백석동)",041-523-0166
천안풍세일반산업단지,(주)케이엔씨,충청남도 천안시 동남구 풍세면 용정리 974번지 (풍세일반산업단지 A12-1),041-522-9673
천안풍세일반산업단지,대명산업,충청남도 천안시 동남구 풍세면 풍세산단2로 27,041-522-9414
천안산업기술일반산업단지,엘에스비엔티,"충청남도 천안시 서북구 직산읍 직산로 136, 충남테크노파크 생산관 중층2203호, 2307호",041-522-9109
천안백석농공단지,주식회사 남일,충청남도 천안시 서북구 백석공단1로 58 (백석동),041-522-8456
천안백석농공단지,(주)서원전원,충청남도 천안시 서북구 백석공단1로 58 (백석동),041-522-8455
천안외국인투자지역,(주)서원,"충청남도 천안시 서북구 백석공단2길 16, 2-105, (주)서원전원 (외국인투자지역, (백석동)",041-522-8455
천안제2일반산업단지,주식회사 허브테크,"충청남도 천안시 서북구 2공단2로 102, 업성동623-6 (업성동)",041-522-7640
천안제4일반산업단지,청강기술,충청남도 천안시서북구 직산읍 신갈리 280번지,041-522-7357
천안제4일반산업단지,제일윈텍(주),충청남도 천안시서북구 직산읍 신갈리 266번지,041-522-7024
천안제5일반산업단지,대신메탈라이징(주) 천안공장,충청남도 천안시 동남구 성남면 5산단1로 84,041-522-7024
천안제5일반산업단지,한국엠씨(주),충청남도 천안시 동남구 수신면 5산단4로 66,041-522-6812
천안풍세일반산업단지,(주)플로우텍,"충청남도 천안시 동남구 풍세면 풍세산단3로 79, (용정리 1009) 외 1필지",041-522-6772
천안산업기술일반산업단지,(주)성윤티에스,"충청남도 천안시 서북구 직산읍 직산로 136, 2403호(번영관)",041-522-5971
천안마정일반산업단지,(주)엠앤브이코리아,충청남도 천안시 서북구 직산읍 마정1길 46,041-522-5652
천안제3일반산업단지,(주)센텍,"충청남도 천안시 서북구 백석공단1로 10, 천안미래에이스하이테크시티 B동 713, A동 802,803호 (백석동)",041-522-5610
천안백석농공단지,(주)스냅팩,충청남도 천안시서북구 백석동 555-31번지,041-522-5601
천안천흥일반산업단지,(주)파커스,충청남도 천안시 서북구 성거읍 천흥8길 12 (천흥공단),041-522-5361
천안천흥일반산업단지,(주)파커스 2공장,충청남도 천안시 서북구 성거읍 천흥8길 49,041-522-5361
천안제3일반산업단지,하나전산 주식회사,"충청남도 천안시 서북구 백석공단1로 10, M동 4층 402 (백석동) 천안미래에이스하이테크시티 M동 402호",041-522-4550
천안제3일반산업단지,오병이어비전(주),"충청남도 천안시 서북구 백석공단1로 10, 천안미래에이스하이테크시티 B동 1001호 (백석동)",041-522-4001
천안제2일반산업단지,엘에스엠(주),"충청남도 천안시 서북구 2공단3로 15, C동 3층 (성성동)",041-522-3915
천안산업기술일반산업단지,(주)엘라이트,충청남도 천안시 서북구 직산읍 직산로 136 (재)충남테크노파크천안밸리 이차전지기술센터 204호,041-5223-3324
천안산업기술일반산업단지,(주)토토로의숲,"충청남도 천안시 서북구 직산읍 직산로 136, 충남테크노파크 생산관 2304호 (천안밸리)",041-522-3310
천안제2일반산업단지,(주)싸이트로닉,"충청남도 천안시 서북구 2공단2로 95, 507호 (차암동, 천안테크노타운)",041-522-3252
천안제5일반산업단지,(주)세일메카닉스,충청남도 천안시 동남구 성남면 5산단3로 77-9,041-522-3101
천안외국인투자지역,(유)한국타코닉 제1공장 ,"충청남도 천안시 서북구 3공단2로 12(백석동, (유)한국타코닉) 외 1필지",041-522-1858
천안외국인투자지역,(유)한국타코닉(제3공장),"충청남도 천안시 서북구 3공단2로 33 (백석동, (유)한국타코닉)",041-522-1858
천안제3일반산업단지,시온테크,"충청남도 천안시 서북구 백석공단1로 10, 천안미래에이스하이테크시티 M동 340호 (백석동)",041-522-1408
천안제2일반산업단지,토와한국 주식회사,충청남도 천안시 서북구 2공단2로 86 (차암동),041-521-0900
천안제2일반산업단지,주식회사 에스에프에이반도체,충청남도 천안시 서북구 2공단7길 30 (차암동),041-520-8386
천안제5일반산업단지,삼영순화(주),충청남도 천안시 동남구 성남면 대화리 355번지,041-520-8000
천안백석농공단지,주식회사 에스에프에이반도체,충청남도 천안시 서북구 백석공단7로 16 (백석동),041-520-7432
천안제3일반산업단지,워터솔루션즈(주),"충청남도 천안시 서북구 백석공단1로 10, 천안미래에이스하이테크시티 A동 1001호 (백석동)",041-478-5132
천안백석농공단지,이에스산전(주),충청남도 천안시 서북구 백석공단3길 12 (백석동),041-425-1414
천안풍세일반산업단지,(주)비케이,충청남도 천안시 동남구 풍세면 풍세산단3로 73,041-418-9603
천안제3일반산업단지,주식회사 지알에스,"충청남도 천안시 서북구 백석공단1로 10, A동706호(백석동, 천안 미래에이스하이테크시티)",041-418-5021
천안산업기술일반산업단지,하이쎄미코(주),"충청남도 천안시 서북구 직산읍 직산로 136, 충남테크노파크 성공관 107호",041-418-3888
천안마정일반산업단지,동아수지3호 태양광발전소,충청남도 천안시 서북구 직산읍 금곡로 52-5,041-417-7801
천안산업기술일반산업단지,케이엔테크,"충청남도 천안시 서북구 직산로 136, 정보영상융합센터 연구동 509,510호 (직산읍)",041-417-7045
천안제5일반산업단지,씨엔엠테크(주),충청남도 천안시 동남구 수신면 5산단4로 34,041-417-4451
천안제4일반산업단지,(주)드리미,충청남도 천안시 서북구 직산읍 4산단5길 17,041-417-3000
천안제3일반산업단지,파워오토메이션 주식회사,"충청남도 천안시 서북구 백석공단1로 10, M209호(백석동, 천안 미래에이스하이테크시티)",041-417-0155
천안풍세일반산업단지,주식회사 한강테크,충청남도 천안시 동남구 풍세면 풍세산단3로 20,041-417-0039
천안제2일반산업단지,주식회사 리드원,"충청남도 천안시 서북구 2공단2로 95 (차암동, 천안테크노타운) 1동 2층 203호",041-417-0004
천안풍세일반산업단지,(주)이안푸드,충청남도 천안시 동남구 풍세면 용정리 994번지,041-415-2699
천안마정일반산업단지,(주)제이림,충청남도 천안시 서북구 직산읍 금곡로 52-15,041-415-2529
천안제5일반산업단지,(주)큐엔탑,충청남도 천안시 동남구 성남면 5산단2로 119,041-415-2042
천안제5일반산업단지,(주)창성코리아,충청남도 천안시 동남구 수신면 5산단5로 15,041-415-1757
천안제3일반산업단지,하나네트웍스(주),"충청남도 천안시 서북구 백석공단1로 10, 천안미래에이스하이테크시티 M동 415호 (백석동)",041-415-1585
천안제3일반산업단지,(주)에이치케이티,"충청남도 천안시 서북구 백석공단1로 10, 천안미래에이스하이테크시티 M동 B131호 (백석동)",041-415-1337
천안풍세일반산업단지,풍세산업(주),충청남도 천안시 동남구 풍세면 풍세산단로 226-30,041-415-1199
천안풍세일반산업단지,(주)지텍,충청남도 천안시 동남구 풍세면 풍세산단1로 6,041-415-1113
천안풍세일반산업단지,와이,충청남도 천안시 동남구 풍세면 풍세산단로 233,041-415-1112
천안제2일반산업단지,(주)비엘엠콘택트,"충청남도 천안시 서북구 2공단2로 102, 1층 (차암동)",041-415-0852
천안제5일반산업단지,유펙스켐(주),충청남도 천안시 동남구 수신면 5산단4로 38,041-415-0770
천안제3일반산업단지,에이원이엔지(주),"충청남도 천안시 서북구 백석공단1로 10, 천안미래에이스하이테크시티 B동 711,712호 (백석동)",041-415-0611
천안산업기술일반산업단지,주식회사 투인리브,"충청남도 천안시 서북구 직산읍 직산로 136, 611호, 612호(정보영상융합센터)",041-415-0092
천안풍세일반산업단지,아이피유브이(주),충청남도 천안시 동남구 풍세면 풍세산단로 128,041-415-0089
천안산업기술일반산업단지,농업회사법인 주식회사 천마,"충청남도 천안시 서북구 직산읍 직산로 136, 충남테크노파크 번영관 2101, 2102, 2103호 (천안밸리)",041-415-0005
천안목천농공단지,주식회사 지앤피우드,충청남도 천안시 동남구 목천읍 학수소사길 219-28 (주)진로산업,041-414-9100
천안제3일반산업단지,노리시스템(주),"충청남도 천안시 서북구 백석공단1로 10, 천안미래에이스하이테크시티 B동 501호 (백석동)",041-414-7650
천안제3일반산업단지,(주)로드키네마틱스,"충청남도 천안시 서북구 백석공단1로 10, 천안미래에이스하이테크시티 B동 1005호 (백석동)",041-414-7130
천안마정일반산업단지,주식회사 가호,충청남도 천안시 서북구 직산읍 금곡로 52-11 (주)신화정밀,041-414-7119
천안백석농공단지,주식회사  제이엠코스메틱,충청남도 천안시 서북구 백석공단3길 34 (백석동),041-414-1090
천안백석농공단지,(주)씨에이테크,충청남도 천안시 서북구 백석공단4길 8(백석동),041-414-0830
천안제3일반산업단지,테오메인,"충청남도 천안시 서북구 백석공단1로 10, 천안미래에이스하이테크시티 A동 611,612호 (백석동)",041-414-0465
천안백석농공단지,회명산업 주식회사,충청남도 천안시 서북구 백석공단3길 50(백석동),041-413-2551
천안제4일반산업단지,회명산업(주),"충청남도 천안시 서북구 직산읍 4산단1길 31, (5동)",041-413-2551
천안백석농공단지,에이치엠옵틱스(주),충청남도 천안시 서북구 백석공단3길 50 (백석동),041-413-2548
천안외국인투자지역,에이치엠옵틱스(주),충청남도 천안시 서북구 백석공단7로 37 (백석동) 회명산업(주),041-413-2547
천안외국인투자지역,회명산업(주),충청남도 천안시 서북구 백석공단7로 37 (백석동),041-413-2547
천안제3일반산업단지,(주)다우에프에이,"충청남도 천안시 서북구 백석공단1로 10, 천안미래에이스하이테크시티 M동 417,418,419,420,421,422,423,424,425호, B동 508,509호 (백석동)",041-412-8801
천안제2일반산업단지,한국후지필름일렉트로닉머티리얼즈 주식회사 ,"충청남도 천안시 서북구 2공단3로 79, 업성동624-3외 1필지(차암동4-3) (업성동)",041-412-7770
천안제4일반산업단지,(주)엑시콘 천안지점,충청남도 천안시 서북구 직산읍 4산단6길 15,041-412-7500
천안외국인투자지역,(주)메가터치,충청남도 천안시서북구 백석동 710 번지 외 1필지,041-412-7149
천안제4일반산업단지,(주)파인텍 천안제1사업장,충청남도 천안시 서북구 직산읍 4산단6길 67,041-412-6702
천안제4일반산업단지,(주)대성이앤지 직산2공장,충청남도 천안시 서북구 직산읍 2공단5로 97-30,041-412-2615
천안제4일반산업단지,(주)대성이앤지,충청남도 천안시 서북구 직산읍 2공단5로 117-16,041-412-2600
천안제4일반산업단지,(주)일광,충청남도 천안시 서북구 직산읍 4산단3로 27,041-411-6522
천안5산단외국인투자지역,한국엔에스케이 주식회사,충청남도 천안시 동남구 수신면 5산단7로 11 외 7필지,041-411-6200
천안제2일반산업단지,소니드 주식회사,충청남도 천안시 서북구 2공단7길 50 (차암동),041-410-7777
천안천흥일반산업단지,(주)큐에스아이,충청남도 천안시 서북구 성거읍 천흥8길 17 (큐에스아이(주)),041-410-5010
천안제5일반산업단지,(주)애니원,충청남도 천안시 동남구 수신면 5산단6로 45,041-410-3500
천안풍세일반산업단지,(주)피엔에스윈도우,충청남도 천안시 동남구 풍세면 풍세산단5로 61,041-410-2200
천안제4일반산업단지,(주)제이스텍(천안사업장),충청남도 천안시 서북구 직산읍 2공단5로 117-26,041-410-2000
천안외국인투자지역,하나머티리얼즈(주) 2공장,충청남도 천안시 서북구 3공단3로 50 (백석동),041-410-1020
천안외국인투자지역,하나머티리얼즈(주),"충청남도 천안시 서북구 3공단3로 42, (백석동 711-1, 711) (백석동) 외 1필지",041-410-1013
천안제3일반산업단지,(주)온셀텍,충청남도 천안시 서북구 3공단6로 86-9 (차암동),041-410-0160
천안제3일반산업단지,(주)제이뷰티,충청남도 천안시 서북구 백석공단1로 10 (백석동) B동 10F층 1010호,041-355-4750
천안산업기술일반산업단지,실버텍(주),충청남도 천안시서북구 직산읍 삼은리 43-5번지 충남테크노파크 생산관 3312호,041-1644-7377
천안산업기술일반산업단지,(주)에이치앤비,충청남도 천안시서북구 직산읍 삼은리 43-1 번지 충남테크노파크 번영관 2401호,041-1577-4580
천안제4일반산업단지,(주)미래코리아,충청남도 천안시 서북구 직산읍 4산단3로 120,032-812-6073
천안제4일반산업단지,(주)승일,충청남도 천안시서북구 직산읍 신갈리 256번지,032-578-1811
천안풍세일반산업단지,(주)아이디시스템,충청남도 천안시 동남구 풍세면 풍세산단4로 28,032-525-0761
천안백석농공단지,(주)이알테크,충청남도 천안시 서북구 백석공단3길 55 (백석동),032-328-0048
천안천흥일반산업단지,(주)이데아무역,충청남도 천안시 서북구 성거읍 천흥8길 12 (천흥공단),032-322-7254
천안제4일반산업단지,코론(주),"충청남도 천안시 서북구 직산읍 4산단5길 11-1, B동 101호",031-977-4048
천안마정일반산업단지,주식회사 지앤,충청남도 천안시 서북구 직산읍 금곡로 52-24,031-949-0970
천안마정일반산업단지,주식회사 지앤,충청남도 천안시 서북구 직산읍 금곡로 52-21,031-949-0970
천안풍세일반산업단지,수경화학(주),충청남도 천안시 동남구 풍세면 용정리 1000번지,031-819-9781
천안제3일반산업단지,에이피시스템(주) 천안지점,"충청남도 천안시 서북구 백석공단1로 10, M동 325호(백석동, 천안 미래에이스하이테크시티)",031-8047-5689
천안풍세일반산업단지,(주)에이텍솔루션,충청남도 천안시 동남구 풍세면 풍세산단로 222,031-8015-2072
천안풍세일반산업단지,(주)에이텍솔루션 천안제2공장,충청남도 천안시 동남구 풍세면 보성리 808번지,031-8015-2072
천안풍세일반산업단지,(주)성신오토모티브,충청남도 천안시 동남구 풍세면 풍세산단3로 20,031-676-9133
천안제2일반산업단지,주식회사 비엠퓨어,"충청남도 천안시 서북구 2공단8길 45, 업성동 623-5 (업성동)",031-674-4300
천안산업기술일반산업단지,주식회사 케이티엘,"충청남도 천안시 서북구 직산읍 직산로 136, 번영관 4201호, 4202호, 4203호",031-671-1811
천안천흥일반산업단지,한진전자공업 주식회사,충청남도 천안시 서북구 성거읍 천흥8길 67-5,031-665-1170
천안마정일반산업단지,주식회사 스톤비랩,"충청남도 천안시 서북구 직산읍 마정1길 2, 3동",031-628-7848
천안제5일반산업단지,(주)태원 천안2공장,충청남도 천안시 동남구 성남면 대화리 369-1번지,031-499-1357
천안제5일반산업단지,(주)태원 천안공장,충청남도 천안시 동남구 성남면 대화리 369번지,031-499-1357
천안제5일반산업단지,(주)한수,충청남도 천안시 동남구 성남면 대화리 362번지,031-492-7800
천안제4일반산업단지,(주)신한프랜트엔지니어링,충청남도 천안시서북구 직산읍 신갈리 258번지,031-488-8001
천안백석농공단지,월드플랜트(주),충청남도 천안시 서북구 백석공단3길 34 (백석동),031-438-0291
천안제4일반산업단지,(주)성호스텐,충청남도 천안시 서북구 직산읍 4산단3로 111,031-434-5661
천안제3일반산업단지,주식회사 딕스젠,"충청남도 천안시 서북구 백석공단1로 10, 천안미래에이스하이테크시티 M동 337호 (백석동)",031-423-8450
천안제3일반산업단지,주식회사 오픈에스지,"충청남도 천안시 서북구 백석공단1로 10, M동 406호(백석동, 천안 미래에이스하이테크시티)",031-373-2612
천안풍세일반산업단지,(주)티티에스,충청남도 천안시 동남구 풍세면 용정리 1007번지,031-366-6030
천안제5일반산업단지,대흥특수화학(주),충청남도 천안시 동남구 성남면 대화리 359번지,031-366-1581
천안제4일반산업단지,주식회사 그린알텍,충청남도 천안시 서북구 직산읍 4산단4로 27,031-357-7916
천안백석농공단지,(주)생명과기술,"충청남도 천안시 서북구 백석공단3길 66, B동 (백석동)",031-352-2341
천안마정일반산업단지,(주)지엔아이마이크로웨이브,충청남도 천안시 서북구 직산읍 마정1길 46,031-335-7066
천안제4일반산업단지,(주)양우엔피에스,충청남도 천안시 서북구 직산읍 4산단3로 36-6 ((주)양우엔피에스),031-319-0171
천안마정일반산업단지,(주)동아수지,충청남도 천안시 서북구 직산읍 금곡로 52-5,031-223-7853
천안풍세일반산업단지,(주)한성엔지니어링,충청남도 천안시 동남구 풍세면 풍세산단로 245,031-216-2526
천안천흥일반산업단지,동하산업(주),충청남도 천안시서북구 성거읍 천흥리 322-2번지,02-798-2111
천안제5일반산업단지,포스코대우,충청남도 천안시 동남구 성남면 5산단2로 134,02-759-3497
천안풍세일반산업단지,(주)삼양사,충청남도 천안시 동남구 풍세면 보성리 0-0번지 풍세일반산업단지 Z4-1,02-740-7191
천안백석농공단지,게임피아(주),충청남도 천안시서북구 백석동 555-13번지,02-712-0822
천안백석농공단지,(주)피앤아이휴먼코리아,충청남도 천안시 서북구 백석공단3길 55 (백석동),02-6426-3122
천안제4일반산업단지,(주)원방테크,충청남도 천안시 서북구 직산읍 신갈리 240번지,02-6230-7112
천안산업기술일반산업단지,(주)시맨틱스,충청남도 천안시서북구 직산읍 삼은리 511번지 충남테크노파크 영상미디어센터 6층,02-6000-6002
천안풍세일반산업단지,(주)용비통상,충청남도 천안시 동남구 풍세면 보성리 708번지 (풍세일반산업단지 A17-1),02-576-6022
천안풍세일반산업단지,(주)펨코로지스틱제오호위탁관리부동산투자회사,충청남도 천안시 동남구 풍세면 용정리 976번지 (풍세일반산업단지 내 Z3-1),02-566-7946
천안산업기술일반산업단지,스마트쿱 주식회사,"충청남도 천안시 서북구 직산읍 직산로 136, 생산관 2309호",02-548-6969
천안제3일반산업단지,주식회사 드림구조,"충청남도 천안시 서북구 백석공단1로 10, M동 323호(백석동, 천안 미래에이스하이테크시티)",02-541-4690
천안직산농공단지,선광에이앤씨(주),충청남도 천안시 서북구 직산읍 부송1길 48 (직산읍),02-529-7440
천안백석농공단지,(주)라피앙스,충청남도 천안시서북구 백석동 555-31 번지,02-508-8596
천안제4일반산업단지,(주)에이치앤피로지스,충청남도 천안시 서북구 직산읍 4산단1길 11,02-508-6144
천안제4일반산업단지,(주)우인기연,"충청남도 천안시 서북구 직산읍 4산단3로 52, A동 3호",02-414-1905
천안제3일반산업단지,(주)쌍방울 천안공장,"충청남도 천안시 서북구 백석공단7로 65 (백석동) 2층, 4층",02-3780-1464
천안풍세일반산업단지,한일산업(주)천안공장,충청남도 천안시 동남구 풍세면 풍세산단로 90,02-3466-9632
천안직산농공단지,대홍테크뉴,충청남도 천안시 서북구 직산읍 부송1길 42,02-3442-2600
천안풍세일반산업단지,(주)중동텍스타일,충청남도 천안시 동남구 풍세면 풍세산단1로 27,02-2695-9374
천안산업기술일반산업단지,(주)제이에스엔지니어링,"충청남도 천안시 서북구 직산읍 직산로 136, 연구동 212(정보영상융합센터)",02-2678-6950
천안풍세일반산업단지,(주)이노패키지,충청남도 천안시 동남구 풍세면 풍세산단로 226-6,02-2285-1071
천안백석농공단지,주식회사 라피끄,충청남도 천안시 서북구 백석공단3길 12 (백석동),02-2263-9782
천안제3일반산업단지,(주)뉴엔텍,"충청남도 천안시 서북구 백석공단1로 10, M426호(백석동, 천안 미래에이스하이테크시티)",
천안제3일반산업단지,대한교역 주식회사,"충청남도 천안시 서북구 백석공단1로 10, 비동 1002호(백석동, 천안 미래에이스하이테크시티)",
천안제3일반산업단지,비즈얼라이언스 주식회사,충청남도 천안시 서북구 백석공단1로 10 (백석동) A동 8F층 807호,
천안직산농공단지,(주)케이엠에프,충청남도 천안시 서북구 직산읍 부송1길 39,
천안마정일반산업단지,(주)퍼스트코어,충청남도 천안시 서북구 직산읍 금곡로 52-11 (주)신화정밀,
천안마정일반산업단지,마정산업,충청남도 천안시 서북구 직산읍 마정1길 46,
천안마정일반산업단지,한국인회,충청남도 천안시 서북구 직산읍 금곡로 52-17 (주)한국인회,
천안마정일반산업단지,건화기계,충청남도 천안시서북구 직산읍 마정리 506번지,
천안백석농공단지,주식회사 토코스,충청남도 천안시 서북구 백석공단2길 51 (백석동),
천안백석농공단지,지앤비솔루션(주),"충청남도 천안시 서북구 백석공단4길 15, 3동 1층 (백석동)",
천안백석농공단지,(주)넥스트솔루션,"충청남도 천안시 서북구 백석공단1로 42 (백석동, 대성전자(주))",
천안백석농공단지,우인코리아(주),"충청남도 천안시 서북구 백석공단4길 12, (주)우인코리아 (백석동)",
천안백석농공단지,푸른건강식품연구원,충청남도 천안시서북구 백석동 555-37 번지,
천안백석농공단지,이에스테크놀러지(주),"충청남도 천안시 서북구 백석공단1로 70, 가동 1층(백석동, 화성조명)",
천안백석농공단지,(주)보아,"충청남도 천안시 서북구 백석공단1로 73 (백석동, (주)비오에이)",
천안백석농공단지,주식회사 제원,충청남도 천안시 서북구 백석동 555-90번지,
천안백석농공단지,유진테크,충청남도 천안시 서북구 백석공단4길 15(백석동),
천안산업기술일반산업단지,지나테크,"충청남도 천안시 서북구 직산읍 직산로 136, 정보영상융합센터 606호 (직산읍)",
천안산업기술일반산업단지,주식회사 바이오시그널코리아,"충청남도 천안시 서북구 직산읍 직산로 136, 충남테크노파크 번영관 4101호, 4102호",
천안제2일반산업단지,스프링컴,"충청남도 천안시 서북구 2공단2로 95, 1동 2층 205호(차암동, 천안테크노타운) 1동 2층 205호",
천안제2일반산업단지,낙원,충청남도 천안시 서북구 2공단2로 102 (차암동),
천안제3일반산업단지,동일오토텍,"충청남도 천안시 서북구 백석공단1로 10, 천안미래에이스하이테크시티 B동 1003호 (백석동)",
천안제3일반산업단지,케이와이에이치,"충청남도 천안시 서북구 백석공단1로 10, M동 B116호, M동 B117호(백석동, 천안 미래에이스하이테크시티)",
천안제3일반산업단지,케이와이에이치(KYH),"충청남도 천안시 서북구 백석공단1로 10, 천안미래에이스하이테크시티 M동 B113호 (백석동)",
천안제3일반산업단지,코스제닌,"충청남도 천안시 서북구 백석공단1로 10, 천안미래에이스하이테크시티 M동 B118호 (백석동)",
천안제3일반산업단지,바스엔지니어링,"충청남도 천안시 서북구 백석공단1로 10, 천안미래에이스하이테크시티 B동 703호 (백석동)",
천안제3일반산업단지,(주)뉴엔텍,"충청남도 천안시 서북구 백석공단1로 10, 천안미래에이스하이테크시티 A동 1006호 (백석동)",
천안제3일반산업단지,(주)뉴엔텍,"충청남도 천안시 서북구 백석공단1로 10, 천안미래에이스하이테크시티 B동 512호 (백석동)",
천안제3일반산업단지,대박기획,"충청남도 천안시 서북구 백석공단1로 10, 천안미래에이스하이테크시티 M동 206호 (백석동)",
천안제3일반산업단지,인사이드,충청남도 천안시 서북구 백석공단1로 10 (백석동) A동 6F층 614호,
천안제3일반산업단지,인토토,"충청남도 천안시 서북구 백석공단1로 10, B동1004호(백석동, 천안 미래에이스하이테크시티)",
천안제3일반산업단지,티이케이,"충청남도 천안시 서북구 백석공단1로 10, M동 416호(백석동, 천안 미래에이스하이테크시티)",
천안제3일반산업단지,중오,"충청남도 천안시 서북구 백석공단1로 10, 천안미래에이스하이테크시티 M동 318호 (백석동)",
천안제3일반산업단지,중오,"충청남도 천안시 서북구 백석공단1로 10, M동317호(백석동, 천안 미래에이스하이테크시티)",
천안제3일반산업단지,김은아,"충청남도 천안시 서북구 백석공단1로 10, 천안미래에이스하이테크시티 A동 807호 (백석동)",
천안제3일반산업단지,용강,"충청남도 천안시 서북구 백석공단1로 10, 천안미래에이스하이테크시티 M동 339호 (백석동)",
천안제3일반산업단지,SG테크,"충청남도 천안시 서북구 백석공단1로 10, 천안미래에이스하이테크시티 A동 614호 (백석동)",
천안제3일반산업단지,에스피텍,"충청남도 천안시 서북구 백석공단1로 10, 천안미래에이스하이테크시티 A동 703호 (백석동)",
천안제3일반산업단지,다온시스템,"충청남도 천안시 서북구 백석공단1로 10, 천안미래에이스하이테크시티 M동 336호 (백석동)",
천안제3일반산업단지,(주)캐스트프로 ,충청남도 천안시 서북구 백석공단1로 10 (백석동) 천안 미래에이스하이테크시티 MB동 109호,
천안제3일반산업단지,대진정보교육,"충청남도 천안시 서북구 백석공단1로 10, 천안미래에이스하이테크시티 M동 410호 (백석동)",
천안제3일반산업단지,엠테크(주),"충청남도 천안시 서북구 백석공단1로 10, 천안미래에이스하이테크시티 B동 504호 (백석동)",
천안제3일반산업단지,주식회사 트루리,"충청남도 천안시 서북구 백석공단1로 10, A동 507호(백석동, 천안 미래에이스하이테크시티)",
천안제3일반산업단지,주식회사 레이제라,"충청남도 천안시 서북구 백석공단1로 10, 4층 M407호(백석동, 천안 미래에이스하이테크시티)",
천안제3일반산업단지,비에스에이(주),"충청남도 천안시 서북구 백석공단1로 10, A동709호(백석동, 천안 미래에이스하이테크시티)",
천안제3일반산업단지,(주)제이원테크,"충청남도 천안시 서북구 백석공단1로 10, 천안미래에이스하이테크시티 A동 603호 (백석동)",
천안제3일반산업단지,메티스,충청남도 천안시 서북구 백석공단1로 10 (백석동) A동 8F층 810호,
천안제3일반산업단지,브이원,"충청남도 천안시 서북구 백석공단1로 10, 천안미래에이스하이테크시티 B동 1007호 (백석동)",
천안제3일반산업단지,주식회사 에스아이피,"충청남도 천안시 서북구 백석공단1로 10, 천안미래에이스하이테크시티 A동 1012호 (백석동)",
천안제3일반산업단지,삼진엘텍,"충청남도 천안시 서북구 백석공단1로 10, 천안미래에이스하이테크시티 B동 708호 (백석동) 외 1필지",
천안제3일반산업단지,윈테크,"충청남도 천안시 서북구 백석공단1로 10, 천안미래에이스하이테크시티 A동 711호 (백석동)",
천안제4일반산업단지,에이엠테크,충청남도 천안시 서북구 직산읍 4산단5길 25-8,
천안제4일반산업단지,엑스오테크놀러지(주),충청남도 천안시 서북구 직산읍 4산단5길 11-1,
천안제4일반산업단지,삼기엔지니어링,충청남도 천안시서북구 직산읍 신갈리 280번지,
천안제4일반산업단지,다보샤링,충청남도 천안시 서북구 직산읍 2공단5로 115,
천안제4일반산업단지,(주)이노베이션,충청남도 천안시 서북구 직산읍 2공단5로 107,
천안제4일반산업단지,(주)하이셈테크놀로지,"충청남도 천안시 서북구 직산읍 4산단5길 25-5, C동102호, C동103호 (직산읍)",
천안제4일반산업단지,(주)대광테크,충청남도 천안시 서북구 직산읍 4산단3로 52,
천안제4일반산업단지,(주)지멕스,충청남도 천안시 서북구 직산읍 2공단5로 115,
천안제5일반산업단지,(주)중앙기업,충청남도 천안시 동남구 수신면 5산단5로 15,
천안풍세일반산업단지,도담이엔지,충청남도 천안시 동남구 풍세면 풍세산단2로 50-4,
천안풍세일반산업단지,(주)에이치케이피앤에스,충청남도 천안시 동남구 풍세면 풍세산단로 50,
천안풍세일반산업단지,주식회사 유엔아이,"충청남도 천안시 동남구 풍세면 풍세산단3로 20, 2동, 3동",
천안풍세일반산업단지,오트밀식품,충청남도 천안시 동남구 풍세면 용정리 993번지,
천안풍세일반산업단지,주식회사 세원이엔지,충청남도 천안시 동남구 풍세면 풍세산단로 226-8,
천안풍세일반산업단지,(주)디와이이엔지,충청남도 천안시 동남구 풍세면 풍세산단1로 35,
